IRS,64
VCSA,72
ICM.V,93
SONN,106
DOXA.ST,223
NRSN,271
LUCK.V,316
CRESY,322
SCHA.OL,323
SCHB.OL,325
ASND.TO,359
SQFT,374
LUNR,384
SPRINT.ST,416
KDA.V,430
SBS,454
STAR-A.ST,475
ONCO,475
STAR-B.ST,477
TUI1.DE,496
NCMI,502
PAC,531
QRC.TO,536
EVMT.V,571
KSPI,599
EDN,617
LODE,619
AERW-B.ST,621
BVB.DE,622
ATAI,634
FORD,635
JAKK,637
PAH3.DE,641
ASR,644
OMAB,645
VTRU,654
SXTP,672
X.TO,690
GRRR,695
PBX.V,703
EVERY.ST,727
JFIN,771
TYGO,785
HOUS,792
CONSTI.HE,809
REVV.V,815
NVO,825
CIG,830
TSEC.ST,837
STG,841
WATR.V,843
CMPO,846
DRCT,849
TCOM,862
GDEN,871
QSG,882
HEPS,889
XLY.TO,908
BTMD,918
SAFETY-B.ST,921
SURG,924
BTM,942
DSNO.ST,942
INVA,947
SINCH.ST,949
VNCE,952
IZZ.V,969
VIRC,976
AXDX,1014
ZZ-B.ST,1022
SAIC,1032
KWS.DE,1033
CAG.V,1042
GAU,1049
AMG,1051
AZM.MI,1055
DVG.V,1063
SLEEP.ST,1073
ALAR,1100
VEI.OL,1103
UCL,1105
VIA,1106
GAU.TO,1114
CHCI,1115
EBA.DE,1141
FTDR,1144
TRANS.ST,1146
CSO.V,1149
ARE.TO,1153
EXPE,1167
EBAY,1168
BWMX,1169
DBRG,1172
COLL,1172
FOR,1194
LNGE.V,1197
TOY.TO,1202
ENZ,1208
MAIRE.MI,1211
VPAB-B.ST,1216
APAM,1225
CAF.V,1230
NRC.OL,1232
TKC,1232
GRVY,1232
BQE.V,1234
MOMO,1234
MSB,1235
EOSE,1237
FAR.TO,1241
PDD,1244
DAKT,1254
APRNDR.ST,1257
ENVI-B.ST,1273
Y.TO,1275
DORO.ST,1276
FRHC,1286
BTR.V,1295
CVI,1297
KARO,1304
GCMG,1305
CEPU,1308
ANIM.MI,1313
FANH,1313
CVNA,1317
DDI,1319
OLY.TO,1321
ABEV,1329
DPSI,1331
TM,1331
UGP,1335
SNX.ST,1337
IOS.DE,1357
BNKR.V,1364
ESOA,1370
RYAAY,1372
AXL.V,1378
KOF,1380
NAS.OL,1386
PBF,1389
CELL.V,1396
SRS.MI,1396
BORG.ST,1397
NWO.DE,1403
PCE1.DE,1420
AFYA,1426
HME.V,1428
RDY,1431
STEP,1433
CINT,1434
BIPC,1437
MGA.TO,1439
SDSD.OL,1444
DEQ.DE,1444
CROX,1450
NEXT,1450
BLBD,1461
MAT,1462
CTPNV.AS,1468
VGR,1481
AOI.TO,1481
BKNG,1482
AC.TO,1483
DEDI.ST,1484
NKR.OL,1487
AAD.DE,1488
JILL,1489
MLY.V,1496
BIPC.TO,1497
LEGH,1500
SIX,1512
SOMA.V,1522
WIT,1532
MAERSK-A.CO,1533
MAERSK-B.CO,1535
OMC,1536
TIETO.HE,1542
GGEO.ST,1547
CAAP,1549
BBSI,1552
CCSI,1558
PHX.TO,1558
CVX.V,1568
CFW.TO,1572
TH,1576
DNN,1582
AMCX,1586
PBYI,1586
DOOO,1591
GTX,1592
SYAB.DE,1600
PAGS,1603
FORA,1604
PAM,1605
OCUP,1607
S92.DE,1608
RANA.OL,1611
AZUL,1612
QAIR.ST,1638
VEON,1645
AF.PA,1645
SOF-B.ST,1649
BDT.TO,1653
CBTT-B.ST,1659
PARR,1660
FLR,1665
XTNT,1666
NXT,1668
NLH.V,1670
LVRO,1674
LOMA,1682
CXDO,1692
ATAT,1692
WNC,1694
AMK,1696
CTEK.V,1696
GNE,1713
PXT.TO,1727
SNEX,1735
BRM.V,1735
PTC.V,1736
VRTS,1749
HY,1751
DINO,1751
STGO.TO,1753
SMLR,1757
PRKS,1767
CSAN,1767
TLK,1771
FHI,1774
INWI.ST,1785
ESEA,1786
MNSO,1788
PHI,1788
SUM,1793
PIA.MI,1800
DIV.TO,1802
DOO.TO,1805
AMBI,1807
INT.ST,1813
CGCBV.HE,1816
FRACTL.ST,1818
NWX.V,1818
GPRK,1818
FSECURE.HE,1819
KNF,1824
LX,1824
TOUR,1826
LNTH,1828
HOT.DE,1835
ESK.V,1839
HOME-B.ST,1840
PHLY.OL,1849
DHIL,1851
OTLY,1854
EQNR,1854
TAP,1862
RCMT,1864
IESC,1864
BPCINS.ST,1865
MPTI,1865
MBC,1869
CIS.DE,1878
EVRI,1881
DML.TO,1882
NLG1V.HE,1890
STNE,1890
MTG-A.ST,1895
BLDR,1896
TME,1896
MTG-B.ST,1897
WEG.ST,1900
ABM,1903
MED,1903
TAALA.HE,1909
BMAX.ST,1909
TNET,1916
JBI,1917
HDSN,1919
GMAB,1921
FLS.CO,1927
VVI,1932
ERF,1933
RTX.CO,1935
MPC,1935
IIPR,1939
LEMON.HE,1941
LHA.DE,1942
FC,1945
GIB,1952
NRG,1953
SYNSAM.ST,1953
NTES,1953
LBTYB,1955
LBTYA,1957
LBTYK,1959
UPSALE.ST,1963
FLUG-B.CO,1966
WH,1967
EEFT,1982
SECU-B.ST,1983
IDT,1983
PLL,1983
FORTY,1983
LTMC.MI,1984
CPA,1987
OPXS,1988
LBRT,1989
TRZ.TO,1990
CAMBI.OL,1993
LYV,1994
VIPS,2000
VIMAB.ST,2004
CX.ST,2007
VLO,2007
ADEA,2008
OXM,2015
INFRA.ST,2016
FTLF,2016
DHB.V,2017
OSK,2023
SHOO,2025
IPG,2026
HRMY,2028
BABA,2033
UTDI.DE,2038
FIRE.ST,2040
OX2.ST,2042
PREV-B.ST,2044
MLI,2047
VTNR,2048
PRDO,2048
ZZZ.TO,2050
CSCO,2059
TTE.PA,2063
TAL.TO,2065
ORV.TO,2071
VALMT.HE,2077
CNM,2079
TTE,2081
APA,2083
STG.CO,2084
LAT1V.HE,2090
VNOM,2091
GCT,2093
HPOL-B.ST,2094
MEKKO.HE,2096
GALP.LS,2098
TGLS,2100
JKS,2103
ZTO,2106
NATH,2109
EOLU-B.ST,2111
SQM,2113
CXI.TO,2116
FSZ.TO,2117
RAUTE.HE,2118
SAS-DKK.CO,2126
EMBELL.ST,2127
ALSN,2128
STRW,2129
TAC,2130
TROW,2133
UTHR,2133
BLM.V,2140
MSAB-B.ST,2145
IAR-B.ST,2145
VIK1V.HE,2150
PIRC.MI,2155
NOMD,2161
CPAY,2162
SILV,2164
BMA.OL,2167
LWAY,2168
PRTH,2170
AEG.TO,2172
MBX.TO,2173
GILD,2179
NRT,2184
OKEA.OL,2186
HWX.TO,2197
DMLP,2198
TCW.TO,2201
FBF.V,2202
BECN,2204
CANB.V,2205
DR.TO,2207
CLA-B.ST,2209
ROCK,2210
4I1.DE,2213
TA.TO,2216
GH.TO,2219
RX.V,2219
ITRN,2221
HLF,2221
JD,2221
MTY.TO,2226
ROM.OL,2227
GFT.DE,2232
ERF.TO,2234
TEX,2234
AMPH,2236
ENI.MI,2241
EWRK.ST,2246
MNDO,2246
PBR,2246
LIGHT.AS,2248
E,2249
AN,2250
LNF.TO,2250
TSM,2251
BLD,2259
FOXA,2259
G1A.DE,2261
EGRX,2261
FOX,2261
CVS,2264
CE,2267
MD,2268
KAR,2272
SSABAH.HE,2272
SSABBH.HE,2274
ALIG.ST,2275
APOG,2279
TGNA,2280
WSU.DE,2282
G5EN.ST,2283
PBH,2286
BAER,2292
BWLP,2292
SKAKO.CO,2293
MCHP,2294
ATKR,2294
EG7.ST,2295
BRC,2296
NTG.CO,2298
BBAI,2300
GSM,2300
PM,2301
FG.ST,2301
ANORA.HE,2305
GIS,2308
DK,2311
ELR.TO,2311
GPI,2315
AMX,2320
MGNX,2324
ASO,2325
HLE.DE,2325
POWL,2335
GHG,2336
6Z1.DE,2338
INSTAL.ST,2341
BCC,2341
SPOK,2347
ISSC,2347
GSK,2352
AWI,2354
ENEL.MI,2354
EME,2355
DFH,2355
UMC,2363
VOLV-A.ST,2364
VOLV-B.ST,2366
SASNO.OL,2366
CPH.TO,2368
TPL.V,2370
HCKT,2371
AGES-B.ST,2374
WHD,2378
OGUN-B.ST,2378
DUNI.ST,2378
DXLG,2378
MCK,2379
NVR,2380
KREATE.HE,2381
SIL.TO,2383
HGBL,2384
LOGIST.ST,2387
CCEL,2387
DE.V,2387
HLNE,2388
SINT.ST,2388
ELG.DE,2389
SWKH,2391
ATMU,2395
ADDV-A.ST,2395
AMN,2397
VNT,2397
ADDV-B.ST,2397
SAS.ST,2399
CONTX.OL,2400
DXT.TO,2400
TULAV.HE,2403
REACH.OL,2410
IGT,2411
PACT.ST,2412
YALA,2413
SAMG,2414
FUTU,2414
MSA.TO,2417
HSII,2418
OSW,2420
MAS,2420
ABNB,2421
AVEN.ST,2422
RET.V,2425
NCC-A.ST,2426
NCC-B.ST,2428
CHKP,2433
8TRA.DE,2437
BSIG,2439
PION-B.ST,2444
AZO,2450
JDAN.CO,2453
CTP2.DE,2454
PROC,2456
CARE.ST,2457
PII,2458
DEVP-B.ST,2459
ELTK,2459
LNG,2462
STRL,2467
INPST.AS,2468
MTCH,2472
PSI.TO,2475
MAVEN.ST,2478
CGAU,2482
IH,2486
FIX,2491
AUAU.V,2491
FMX,2494
PARKEN.CO,2495
WKC,2497
VISTN.OL,2498
SALM.OL,2504
BP,2504
PG,2507
PSX,2510
CNC,2511
ORTHEX.HE,2513
CAG,2515
ASTH,2522
HBB,2523
DRX.TO,2523
BELFA,2526
TOUCH.ST,2526
TRIP,2527
LPX,2527
BELFB,2528
ODP,2531
CHH,2532
NX,2532
CG.TO,2533
ASAI,2538
RMR,2541
TPE.DE,2542
ATEA.OL,2548
BWEN,2548
PNRG,2548
IMXI,2549
LOW,2554
CMCSA,2557
SEM.LS,2562
GMS,2563
MRK,2566
DUE.DE,2566
DLO,2567
WEYS,2567
IPCO.TO,2567
DHI,2569
SFQ.DE,2570
SSNC,2572
FFIV,2574
HTHT,2576
DXPE,2579
IDCC,2579
EXP,2580
HRT,2581
FLGC,2582
AOX.DE,2583
VBG-B.ST,2584
AMWD,2585
KCR.HE,2586
NVI.V,2596
CBOE,2597
IMO,2597
DIS.MI,2597
DFIN,2601
STEP.TO,2601
OLVAS.HE,2604
WSM,2606
HESM,2606
SEZL,2606
RWE.DE,2606
GVA,2609
RAND.AS,2610
BKE,2611
WN.TO,2611
RAGE.V,2614
WAC.DE,2617
HER.MI,2618
KJELL.ST,2619
G,2620
WMT.DE,2630
LAUR,2630
NEU,2630
GCI,2632
CXT,2636
VUX.V,2636
TDCX,2636
VERT-B.ST,2644
PARAA,2644
TEN.MI,2644
OTL.OL,2645
PARA,2646
MCB.TO,2646
GEHC,2647
PERI,2648
KID.OL,2649
ACIW,2650
GTE,2651
PH,2655
STMPA.PA,2655
IBP,2656
FI,2660
VALE,2661
SSAB-A.ST,2664
CVE,2665
GILT,2666
LUMEN.ST,2668
EPEN.ST,2668
SSAB-B.ST,2668
GOTL-A.ST,2668
CGX.TO,2670
GOTL-B.ST,2670
WOR,2672
BIDU,2672
TT,2673
HUIZ,2673
MLR,2675
HURN,2677
HOV,2678
SKM,2679
HLUN-A.CO,2681
CRUS,2681
TS,2681
GSL,2681
HLUN-B.CO,2683
SIX2.DE,2685
SIM,2686
PNG.V,2689
SIE.DE,2691
PJT,2691
NPTH.V,2691
EQV1V.HE,2692
MELE.BR,2694
EN.PA,2696
CPX.TO,2698
ABG,2699
RMBS,2700
VYX,2703
CAT,2707
DTI,2713
GGB,2714
PRM,2715
KTB,2716
STM,2716
AESI,2716
STLD,2717
AFN.TO,2720
OTIS,2724
NUE,2726
DNG.TO,2727
MARR.MI,2728
LOM.DE,2731
1U1.DE,2731
GETI-B.ST,2734
ASX,2738
MITQ,2739
FTT.TO,2740
IRO.V,2740
STLC.TO,2744
GOLF,2745
KOF.PA,2747
TBL.TO,2747
LI,2747
TPB,2748
NSP,2751
CTSH,2752
SCHO.CO,2752
CXB.TO,2752
AREC,2753
HWKN,2753
ASSA-B.ST,2756
EDU,2759
VCI.V,2761
BAHN-B.ST,2761
CRP.TO,2762
TK,2768
CCC3.DE,2769
HDI.DE,2770
GTE.TO,2772
EGY,2772
ALLE,2773
MDI.TO,2774
OPTER.ST,2776
MSM,2777
TSRI,2777
EMKR,2777
IMO.TO,2779
OC,2785
AKZA.AS,2787
TOL,2788
XFAB.PA,2789
SVED-B.ST,2793
RAIL.ST,2793
ASGN,2796
KNEBV.HE,2797
PSFE,2799
ARCOMA.ST,2799
COIC.ST,2801
WMT,2805
MTH,2805
SZU.DE,2807
WMS,2808
VFC,2808
MGY,2808
SNA,2809
LMB,2811
OPFI,2812
AFRY.ST,2813
AGCO,2814
VRSN,2817
LMT,2818
AGX,2819
LAD,2820
CSPI,2821
SGML,2823
TEL2-A.ST,2825
EOG,2826
KEQU,2826
FINV,2826
TEL2-B.ST,2827
SON.LS,2827
PPX.V,2829
FRA.DE,2831
DAL,2832
MOH,2833
SLVM,2834
BRM.DE,2836
METSO.HE,2836
WFRD,2841
EPAC,2843
KEMIRA.HE,2845
CAL,2849
IPAR,2850
KTF.DE,2851
CVE.TO,2852
ZIP,2853
BOKUS.ST,2857
CEC.DE,2857
DRIL.ST,2858
MBUU,2859
PNDX-B.ST,2860
INSE,2863
KO,2865
IBM.DE,2873
IMMR,2876
HPE,2877
ADP,2878
DIN,2878
GRBK,2878
HI,2880
PAAL-B.CO,2881
PINC,2882
CEIX,2882
ENENTO.HE,2883
ORE.TO,2886
ALV,2887
WETH,2890
CLI.MI,2891
AMR,2893
TRMD,2893
NVA.TO,2894
MOD,2895
TELIA1.HE,2895
BEPC,2898
TIV.CO,2899
TNK,2900
TITN,2903
KVUE,2904
WT,2905
JCI,2907
DDS,2910
CPA.DE,2911
AZZ,2911
MGIC,2912
SGRP,2912
ESAB,2914
STGW,2915
AOS,2916
BEW.V,2917
MHO,2917
SODER.ST,2918
SHL.DE,2919
VSTS,2919
CMI,2921
GPC,2922
SDIP-B.ST,2922
DOV,2924
SDIP-PREF.ST,2924
ORK.OL,2924
RW.V,2925
TPR,2925
CPS,2925
MPVD.TO,2927
WHR,2928
TR,2928
MMS,2931
FERG,2931
HD,2933
CIA.TO,2934
BMY,2939
MAMA,2939
PSA,2941
HMC,2945
CURV,2946
PEP.DE,2948
SJT,2950
MARAS.HE,2951
HCC,2951
MDLZ,2956
VIST,2957
SXP.TO,2957
DCO.DE,2962
LPG,2962
SHW,2964
MUSA,2964
BTU,2966
QSR,2967
GIC,2968
LQDT,2969
WAB,2970
HON,2971
VOLCAR-B.ST,2972
BEPC.TO,2972
LBRDA,2973
WB,2973
LBRDK,2975
TTK.DE,2975
RBREW.CO,2980
CWCO,2982
CME,2983
IBM,2985
SHELL.AS,2985
IEX,2986
PUM.DE,2986
SMP,2986
GB,2987
BAH,2987
SVIK.ST,2987
NXPI,2989
SJ.TO,2989
UAL,2989
TOIVO.HE,2991
SSA.V,2991
MYE,2993
DEZ.DE,2993
ITAB.ST,2994
K,2995
CEU.TO,2996
CBAT,2998
LIF.TO,3001
FPAY,3001
CHT,3001
CL,3004
CLS,3005
AMED,3006
CLMB,3007
MATX,3007
MBG.DE,3007
ADUS,3012
DGX,3013
ARMK,3015
YUM,3016
MSI,3019
PLAB,3020
SHEL,3022
SP,3025
JHG,3025
SID,3025
EBF,3029
ITW,3031
INISS-B.ST,3032
CLDT,3034
HDD.DE,3034
RNW,3036
BLQA.DE,3037
DECK,3038
DAC,3038
AFM.V,3040
LPLA,3041
CDW,3042
HAL.DE,3043
QRTEA,3043
BC,3044
PEP,3045
QRTEB,3045
TEM1V.HE,3045
3V64.DE,3046
PLTK,3049
SEIC,3050
VNA.DE,3051
LAMM-B.ST,3051
GWW,3053
MRC,3053
SHLE.TO,3053
NCAB.ST,3054
CBT,3054
CAAS,3056
HAFN,3057
LYTS,3062
WIRE,3066
MEG.TO,3068
LNW,3069
HHS,3072
HSY,3076
GSY.TO,3076
VHI.TO,3078
ZAP.OL,3079
ANF,3079
OSUR,3079
RCL,3081
CJ.TO,3084
CRI,3085
HNNA,3085
KFY,3086
COLM,3086
VC,3087
VK.PA,3088
TVK.TO,3089
LIFCO-B.ST,3091
BRO,3092
FIA1S.HE,3092
FONR,3092
LSS.PA,3093
CPAC,3094
NOAH,3094
PRG,3095
DY6.DE,3096
ELISA.HE,3102
CHRD,3103
WW,3104
VAIAS.HE,3104
KOG.OL,3105
STN,3107
JKHY,3108
RVRC.ST,3108
ALTM,3109
INVEST.HE,3111
TRDA,3112
RHI,3114
UAA,3117
NFLX,3118
JNJ.DE,3118
UA,3119
ORLY,3121
ET.TO,3121
CACI,3122
BLK,3124
BBUC,3127
GOGO,3128
GDL.TO,3130
MAS.OL,3132
SSD,3133
RCKY,3133
THC,3134
DE,3137
CLVT,3138
PMTS,3138
BOUV.OL,3140
ODC,3141
AYI,3142
GCL.TO,3142
TRX,3142
HALO,3143
VSTO,3144
INSW,3144
DVN,3146
ARP.ST,3147
HAL,3150
V,3151
HNRG,3151
GEG,3154
AVT-B.ST,3156
PRIM,3158
CNK,3158
VIV,3158
UFPI,3159
SHA.DE,3159
EXR,3161
MIDD,3161
M4I.DE,3163
2PP.DE,3164
BKR,3166
PAY.TO,3171
SLB,3172
SVM,3173
THR,3177
YOO.V,3180
FBIN,3180
SBOK.ST,3183
GEF,3184
FANG,3184
PNR,3188
KT,3191
INFY,3192
MPX,3192
EXTR,3195
GAMB,3196
SMPL,3196
MARA,3196
CNQ,3196
KTN.DE,3197
FEIM,3197
TEL.OL,3200
CHTR,3202
AVT,3205
AP2.DE,3206
PCAR,3207
WJX.TO,3209
VRRM,3210
WINA,3211
PAYX,3212
URI,3212
VINP,3213
CIX,3214
MCFT,3215
EVLI.HE,3216
JEF,3216
DVA,3218
VST,3219
TTEK,3220
SOFF.OL,3220
HUBB,3221
PROF-B.ST,3223
ATCO-A.ST,3225
UG,3225
YCP.DE,3225
KLA.DE,3226
CMCO,3226
JNJ,3227
ATCO-B.ST,3227
MA,3228
IVZ,3230
XONA.DE,3232
EBR,3232
KGX.DE,3233
ICE,3235
HNI,3235
TRI,3236
WCC,3237
PAG,3238
FPI,3239
EMX,3240
LHX,3241
EA,3242
CBZ,3242
TFI.PA,3243
BRBR,3247
DBI,3247
SWIM,3248
AGRO,3251
MUSTI.HE,3253
GRND,3255
CSWI,3256
NVG.LS,3256
DPZ,3260
CET.TO,3260
TALK.ST,3262
GPN,3262
VRA,3263
ARCH,3265
TALLINK.HE,3265
NOVO-B.CO,3266
DSV.CO,3266
PYPL,3267
MRD.TO,3267
VOS.DE,3268
SAND.ST,3269
BEN,3269
AAPL,3270
TDVOX.ST,3270
SPGI,3272
ZAL.OL,3272
NWG.ST,3272
NCSM,3272
CMPR,3274
TPX,3274
PLUS,3274
ITT,3275
SVM.TO,3275
VLTO,3276
KAI,3276
LNR.TO,3280
WSR,3281
NA9.DE,3281
SMCRT.OL,3286
LEE,3286
BAC.DE,3288
PANL,3289
PEAB-B.ST,3290
PRGS,3291
ARW,3292
DOLE,3292
ABAS.ST,3293
BNR.DE,3295
ALIF-B.ST,3297
OEM-B.ST,3299
CTZ.V,3299
LOOMIS.ST,3301
MKC,3302
NTCT,3305
BFISH.OL,3305
ITECH.ST,3312
BBW,3314
COP,3314
CMC,3314
FTV,3317
HARB-B.CO,3317
MJS.V,3320
NRC,3321
BDGI.TO,3321
CGO.TO,3321
ITRI,3322
P911.DE,3324
ULH,3325
RCG.TO,3326
XOM,3327
KLAC,3328
CSL,3330
EFXT,3333
GENI.ST,3334
GLPI,3335
APP,3337
HMS.ST,3337
KUT.V,3338
WSO,3339
ULTA,3340
REC.MI,3342
RELI,3345
CZR,3345
AAT,3346
PRCH,3346
ECIT.OL,3349
PSM.DE,3349
STZ,3349
CVCO,3350
WP.V,3352
TGS,3352
GFF,3353
IT,3354
KMB,3354
BMW.DE,3354
SGA,3355
SAP.DE,3356
AXFO.ST,3356
BMW3.DE,3356
PKI.TO,3357
AY,3358
FPE.DE,3359
ADN.TO,3361
FPE3.DE,3361
VH.ST,3363
NVT,3366
PMT.TO,3368
CGG.PA,3369
SYY,3371
YMM,3371
AMAT,3372
IFX.DE,3372
HOG,3373
WTE.TO,3373
LUC.TO,3373
META,3375
HANZA.ST,3375
CLW,3375
MTDR,3376
RAIL,3376
CW,3377
LOCO,3378
EXE.TO,3379
PATK,3381
HTRO.ST,3382
VZ,3383
PHIN,3384
1YD.DE,3386
MCRI,3389
ALC.TO,3390
SDI.V,3392
LUG.TO,3396
CLS.TO,3397
RELAIS.HE,3398
JST.DE,3398
RPM,3399
SGML.V,3401
ATUS,3401
GREEN.ST,3402
EE,3402
REG,3403
FEC.TO,3403
ROL,3404
DNOW,3404
MUR,3405
LECO,3406
PRFO.ST,3409
J,3409
KLXE,3409
REYN,3410
JBSS,3410
III,3410
URBN,3410
SLGN,3411
KABE-B.ST,3412
JHX,3415
NEWA-B.ST,3418
DXC,3421
CHE,3423
AEP.V,3423
ZIL2.DE,3424
ILM1.DE,3425
MTRS.ST,3426
NEM.DE,3427
ALFA.ST,3427
RVYL,3427
BEIA-B.ST,3428
CMG.TO,3431
TIH.TO,3432
MSA,3433
ENGH.TO,3433
NORVA.ST,3433
INX.V,3434
SUUN,3436
LR.PA,3437
GMAB.CO,3440
SOLB.BR,3440
VLE.TO,3440
CRNT,3441
AOJ-B.CO,3442
AIT,3443
CRAD-B.ST,3443
SAH,3445
MIN.TO,3450
PKX,3457
RUG.ST,3458
NWC.TO,3459
MTD,3461
SAP,3461
TOT.TO,3462
HUM.ST,3463
DENN,3465
HKSAV.HE,3466
INMD,3468
AON,3469
ICLR,3470
GIL,3470
BYD,3472
RS,3473
TWC.TO,3476
RUSHA,3477
E.TO,3478
AME,3479
RUSHB,3479
SPXC,3480
ALV.V,3481
ARPL.ST,3481
AVB,3482
WTS,3482
DIAH.ST,3482
MTUS,3482
HTZ,3483
4AB.DE,3484
RSVR,3484
PUMP,3490
RFL,3490
SCST.ST,3491
SBH,3492
STCN,3493
AZN,3495
PNDORA.CO,3495
CHV.DE,3496
REG1V.HE,3497
RUS.TO,3497
WGO,3498
LW,3504
VOLO.ST,3505
DY,3506
VOLO-PREF.ST,3507
IVG.MI,3510
SONM,3512
PXD,3513
DLG.MI,3514
MTL.TO,3514
EPR,3515
NELLY.ST,3515
DBX,3517
DDL,3517
FCN,3519
AVGO,3520
XYBN.V,3521
TEG.DE,3522
SKT,3522
HVT,3522
NESTE.HE,3523
LOVE.V,3524
ANOD-B.ST,3525
OTTR,3526
CNQ.TO,3527
NOVC.TO,3527
CCRN,3528
KEP,3532
TRX.TO,3533
LOU.V,3533
INN,3534
OLPX,3534
FELE,3535
JMT.LS,3535
KOP,3535
DTG.DE,3535
PXS,3535
OWL,3536
SBUX,3536
ON,3538
STRT,3538
ABBV,3539
TIMA.DE,3539
QSR.TO,3539
SENEA,3539
HEM.ST,3540
COP.DE,3541
TNL,3542
SENEB,3542
NVEC,3543
ABL,3543
WFCF,3543
HOLI,3543
CMCL,3544
APM.V,3544
MSCI,3545
CPB,3545
SON,3545
DOFG.OL,3545
AGS,3547
NOS.LS,3547
TRI.TO,3551
YPF,3552
GLNG,3553
EURN.BR,3555
ADNT,3557
RBX.V,3557
PPG,3558
BCO,3558
KKR,3559
WRT1V.HE,3561
CFY.V,3562
STIL.ST,3563
ACCO,3563
MMC,3564
PET.TO,3566
PROX.BR,3567
KRT,3568
CVX,3568
EPRO-B.ST,3570
CSGS,3571
DFDS.CO,3573
SU,3573
SOSI1.HE,3573
CUK,3574
FIZZ,3575
DMP.DE,3577
EMR,3577
NE,3578
PSD.TO,3579
RATO-A.ST,3580
INH.DE,3581
EIOF.OL,3581
COKE,3582
RATO-B.ST,3582
ARCO,3583
TDG,3584
MEKO.ST,3585
SD,3586
UI,3590
NMAN.ST,3591
JOE,3592
DCI,3593
DORM,3595
AMRK,3597
ADDT-B.ST,3599
INCY,3600
CRWS,3601
KELAS.HE,3602
BG,3603
SAXG.ST,3604
LOGI,3606
EURN,3606
STNG,3606
GES,3607
CVGI,3607
WFG,3611
VLGEA,3612
EDP.LS,3615
CCL,3615
DOL.TO,3616
ASC,3620
SLCA,3621
IMKTA,3621
SRA.V,3622
ARMN,3622
BV,3623
AMBEA.ST,3623
BONHR.OL,3624
TEF,3631
ESP,3632
VESTUM.ST,3634
FWONA,3635
GEOS,3635
FWONK,3637
GNTX,3637
USLM,3640
ALCA.ST,3640
INS.DE,3640
MPAA,3643
GLBS,3644
SKY,3646
BOREO.HE,3647
FICO,3648
TAYD,3648
CCU,3648
MRE.TO,3649
LKQ,3650
DOM.ST,3651
LAGR-B.ST,3652
STN.TO,3652
EXLS,3654
BDC,3655
LII,3656
HLI,3657
BDI.TO,3658
IP.MI,3660
DBM.TO,3664
DANT.CO,3664
ISDR,3666
YETI,3666
GASS,3666
FORR,3667
NOC,3670
FEO.V,3672
WHLM,3673
XTC.TO,3675
BBUC.TO,3676
BOOM,3676
FMM-B.ST,3678
LXP,3680
ACMR,3681
PRMW,3682
ETN,3685
TEO,3686
ESS,3687
ESE,3689
AAK.ST,3694
STRA,3695
IIIV,3697
LCUT,3697
WEX,3698
BBY,3699
BXC,3701
CHD,3702
SOBA.DE,3702
NETEL.ST,3703
PRFT,3704
APH,3705
TEL,3705
MGA,3705
AKRBP.OL,3707
SCS,3707
RMD,3709
JBL,3710
COTY,3712
ACN,3712
DKS,3712
ASML.AS,3713
SPNS,3713
USNA,3715
MSFT,3716
RAVE,3717
TMHC,3717
ASTL,3717
KBX.DE,3718
LAKE,3719
ADB.DE,3721
NDSN,3721
EKTA-B.ST,3722
HSON,3722
VTRS,3724
SAM,3726
THX.V,3727
HCA,3730
TKR,3730
CNXC,3730
TDY,3733
TNC,3733
VRTX,3736
KESKOA.HE,3736
ICP1V.HE,3736
CLCO,3736
CCK,3738
KESKOB.HE,3738
IBEX,3739
SOLAR-B.CO,3741
SCANFL.HE,3742
FMAN.V,3743
SCCO,3747
L.TO,3751
EML,3752
JETPAK.ST,3753
SIFY,3754
PAT.DE,3755
FLEX,3756
LESL,3757
EPI-A.ST,3758
CAG.ST,3758
EMX.V,3759
KRN.DE,3759
SANM,3759
EPI-B.ST,3760
ARJO-B.ST,3760
GTES,3760
MLM,3762
COCO,3763
CR,3765
POOL,3767
GRC,3767
BNE.TO,3767
BWA,3768
MMGR-B.ST,3770
TXG.TO,3770
NDAQ,3774
AVY,3775
CCA.TO,3778
MT.AS,3778
OGN,3779
ARIS.TO,3779
CHX,3780
AMRX,3780
ALG,3780
THO,3781
DTE.DE,3782
ASML,3784
GPK,3785
T,3785
RNGR,3787
TSAT,3787
OPCH,3788
ORNAV.HE,3788
JOBS.ST,3789
PAX,3790
ORNBV.HE,3790
ATS,3790
BZH,3793
INGR,3794
ADBE,3795
HSIC,3798
NSSC,3799
TFX,3801
ASTL.TO,3801
OSG,3803
MCO,3804
AUDC,3805
AOF.DE,3807
NTWK,3808
PFIE,3809
FRU.TO,3812
SM,3812
ACLS,3813
EDUC,3816
MT,3816
ORC.DE,3819
INVH,3823
VRSK,3824
MAGI.ST,3825
CCS,3825
HII,3826
PURMO.HE,3826
WWI.OL,3827
SES.TO,3827
WWIB.OL,3829
BC8.DE,3829
RUM.V,3830
EFX.TO,3832
ARC,3832
XRX,3834
AQ.ST,3834
BODY.ST,3838
EWCZ,3839
AAON,3840
GDX.DE,3842
GXE.TO,3842
LIAB.ST,3843
RYI,3843
LAR.DE,3845
NTAP,3846
INCR,3848
ALEX,3849
SIS.TO,3849
VIVA.ST,3851
FSS,3852
WSP.TO,3853
SDRL,3857
NOTE.ST,3861
ZI,3862
GGG,3862
SU.TO,3863
FRD,3864
NSIT,3865
EPC,3865
SJM,3866
YGR.TO,3866
CBV.V,3868
KEYS,3869
BTE,3869
SYSR.ST,3872
NORTHM.CO,3874
ADI,3878
DPM.TO,3878
ADM,3879
KBH,3879
KIM,3882
LOPE,3882
CTO.DE,3882
PEN.OL,3883
AKR,3884
BRNK.DE,3884
CF.TO,3885
INTT,3886
NCLH,3886
CX,3887
TV,3887
BRFS,3889
CSTM,3890
TIETO.OL,3893
ROAD,3894
TIETOS.ST,3895
GRNG.ST,3895
NVEI,3899
ATRAV.HE,3899
PLPC,3903
CNXN,3903
TREX,3904
GMM.DE,3904
BZ,3907
GEO,3908
LOD.V,3908
MND.TO,3912
ORCL,3913
NVS,3914
TXN,3915
ACQ.TO,3915
CASY,3916
MPLN,3919
CNS,3919
CDRE,3919
DLX,3922
WY,3925
SEE,3928
VSH,3928
MANH,3929
REVG,3932
ONEX.TO,3933
HUMBLE.ST,3935
MLB1.DE,3937
FOO.DE,3938
INLX,3944
GD,3946
ATT.ST,3947
KAMUX.HE,3949
CORT,3950
HAYPP.ST,3951
YELP,3951
GOOGL,3952
BJ,3952
EPR.OL,3952
BAG.V,3953
GOOG,3954
X,3954
LRCX,3955
EXPD,3955
CTT.ST,3960
PPIH,3960
CWK,3963
NVDA,3964
MRU.TO,3965
IDXX,3967
O,3969
AMKR,3969
AVTR,3970
MRO,3972
WFG.TO,3972
CARR,3973
KFRC,3974
GIL.TO,3974
GM,3975
SKX,3977
ENDUR.OL,3979
PRY.MI,3980
KOS,3982
MDO.DE,3983
SKF-A.ST,3984
DHL.DE,3986
SKF-B.ST,3986
PKOH,3986
FDS,3987
MNDRK.ST,3987
VTSI,3987
HBH.DE,3987
GUD.TO,3988
EUZ.DE,3989
FNOX.ST,3995
IR,3995
LYB,3995
DSGX,3997
ODL.OL,3997
ABG.OL,3999
RAIKV.HE,3999
TREL-B.ST,4001
RAIVV.HE,4001
AMGN,4002
ABSO.ST,4004
NPAPER.ST,4004
WIRTEK.CO,4005
LILA,4005
FSM,4005
LILAK,4007
FAST,4009
CGY.TO,4009
PSN,4010
FET,4012
CVLG,4013
ETTE.HE,4014
MELI,4016
ETD,4017
CRM,4019
BO.CO,4019
DGII,4020
BCE,4020
PAX.ST,4022
SAT.V,4022
TSAT.TO,4023
HGV,4025
FPMB.DE,4028
CDNS,4032
AFX.DE,4032
MYCR.ST,4035
TYL,4036
BOUL.ST,4036
OBE,4036
QLYS,4037
BBWI,4037
BEKE,4037
CTAS,4038
CHRW,4039
NVEI.TO,4040
MORN,4040
EIF.TO,4040
ADE.OL,4041
ACE.MI,4042
JAG.TO,4042
JAZZ,4043
SNX,4043
TRMB,4045
OPRA,4045
HRI,4045
CIGI,4046
BRG.OL,4048
IPO.TO,4049
ALK,4051
RROS.ST,4051
JWN,4056
NSIS-B.CO,4057
CAPMAN.HE,4058
GOFORE.HE,4059
VMEO,4062
WOLF.V,4062
KBL.TO,4063
QUIK,4064
JEN.DE,4065
ECL,4066
KRC,4066
FUL,4066
KHNZ.DE,4067
KPN.AS,4067
COST,4068
ROK,4069
MDXG,4072
BOSS.DE,4073
AM,4073
TASK,4074
INFREA.ST,4074
ESRT,4076
SLND,4076
AJG,4077
EFX,4080
ICFI,4081
RH,4083
ATD.TO,4086
NYT,4087
STER,4088
MCD,4088
ALLIGO-B.ST,4088
GTY,4089
BBCP,4090
NBIX,4096
MGRC,4099
CTO,4101
FCX,4102
MNTX,4106
AXTA,4108
APT,4109
QCI.DE,4110
ATHM,4112
GOLD,4114
STWK.ST,4121
DSG.TO,4124
TPL,4125
CLF,4125
LNN,4132
RSI.TO,4133
ZEPP,4133
HEES,4134
KWR,4136
REJL-B.ST,4138
TGH.V,4138
BIOG-B.ST,4142
MCAP.ST,4143
OVV,4143
CMT,4145
ELON.ST,4145
SWKS,4146
ACEL,4146
LAMR,4147
SII,4154
KHC,4155
FTG.TO,4155
ANET,4156
PPC,4156
ICL,4156
WILC,4159
TEQ.ST,4161
ESSITY-A.ST,4161
PFV.DE,4161
ESSITY-B.ST,4163
WAT,4169
BR,4170
IBS.LS,4171
CAR,4175
SN,4177
AOI.ST,4184
TELIA.ST,4184
FTNT,4185
TURA.ST,4187
GSI.V,4188
WTG.ST,4188
BETS-B.ST,4190
OGE,4191
TFII,4193
SYK,4194
AMLX,4195
TSND.TO,4197
DBO.TO,4199
POU.TO,4199
BTE.TO,4201
XPEL,4203
INDT.ST,4203
UFPT,4206
UHAL,4206
OEC,4207
CMLS,4208
AE,4208
QTCOM.HE,4210
TIGO,4214
VTX.V,4214
NEO.TO,4216
TMO,4217
QCOM,4217
RBY.TO,4220
HQI,4221
ENS,4222
IRE.MI,4224
WTW,4225
LZB,4226
MG.TO,4227
LULU,4230
APWC,4231
LZ,4233
LINDEX.HE,4233
HPK,4234
APG,4235
WING,4238
TWI,4241
CPG,4241
AND.TO,4242
PVH,4243
IQ.V,4243
PTVE,4243
LEA,4243
PNW,4246
BESQAB.ST,4248
CVU,4253
HBM,4253
AWX,4253
RAA.DE,4257
PRMW.TO,4257
VMD,4260
ZYXI,4262
JRSH,4262
FLNT.TO,4263
CNHI,4266
HP,4266
BYU,4269
BSX,4271
USFD,4272
DOCU,4273
OII,4273
FRO,4274
UVV,4275
BDT.DE,4276
EHC,4277
AD.AS,4277
ABL.DE,4278
SGL.DE,4278
AZN.ST,4279
LIN,4280
BRKR,4280
OPY,4283
PRIMOF.CO,4287
RSG,4288
OI,4288
FTEK,4289
JM.ST,4294
SNPS,4296
RRR,4296
MNST,4298
SGHC,4298
ROST,4298
OBE.TO,4301
VNO,4303
ALGM,4308
TXT,4308
XAU.TO,4310
WWT.V,4312
RL,4312
TAIT,4312
MRK.DE,4314
SSP,4314
CVEO,4319
FCFS,4320
VSEC,4320
PWR,4321
CRAI,4321
FVI.TO,4321
GRNT,4324
GRMN,4325
ASPO.HE,4325
HARVIA.HE,4326
CEG,4326
LH,4328
TGS.OL,4331
AHT,4331
LIND,4332
NORBT.OL,4333
RHM.DE,4336
ORA.TO,4337
PAYO,4338
SCI,4339
KGC,4339
RYN,4341
OLN,4341
LSCC,4343
ECVT,4344
LANC,4345
JLL,4347
ODFL,4348
ABT,4348
ATS.TO,4349
BETCO-DKK.CO,4350
RCH.TO,4350
IMAX,4350
TDC,4353
SMCI,4354
LSTR,4355
CABO,4355
POL.OL,4359
SND,4361
VITR.ST,4363
MICS,4363
HWM,4365
NATR,4365
EQL.ST,4366
SII.TO,4367
POST,4368
KIND-SDB.ST,4369
BHE,4369
ARTW,4373
ELF,4374
BMBL,4374
HUH1V.HE,4375
PBL.TO,4376
FAG.ST,4377
VOW3.DE,4381
SEAF.ST,4382
HES,4383
MATR.TO,4384
TJX,4385
ANGL.ST,4386
IOSP,4390
BUFAB.ST,4391
TKO,4392
BETCO.ST,4393
CIGI.TO,4393
CMRE,4393
AKE.PA,4395
VRT,4396
MMLP,4398
EAU.V,4400
WDH,4401
MAN,4402
OXY,4406
DOOR,4409
HEXA-B.ST,4410
AIXA.DE,4410
SGY.TO,4410
ECV.DE,4410
AUTO.OL,4412
PLNT,4413
AZEK,4415
ECO,4415
AVNW,4418
NGL,4422
DOX,4427
ESCA,4428
MTHH.CO,4428
WPK.TO,4429
VTSC.DE,4429
PRH.V,4429
CRVL,4430
ADTR.ST,4432
CTS,4433
PPSI,4433
PNOR.OL,4434
SAX.DE,4434
ACU,4437
NSYS,4437
EW,4439
FW.V,4439
CWH,4440
TSL.TO,4443
SEM,4444
LEG,4445
QRVO,4446
SWEC-A.ST,4450
SWEC-B.ST,4452
RACE.MI,4460
WCP.TO,4460
TMG.V,4461
SXI,4463
ATR,4464
LVS,4466
NIBE-B.ST,4467
SOI,4467
CVLT,4468
DCGO,4469
R,4470
CIVI,4470
CEVI.ST,4471
HAVI.OL,4471
EXPO,4472
ZWS,4473
MEDI.OL,4474
BEIJ-B.ST,4475
VERK.HE,4476
ARRY,4478
ARIS,4479
SCVL,4480
LATO-B.ST,4486
ZTS,4486
HZO,4487
TILE,4487
REFL.OL,4493
IRMD,4494
KEMPOWR.HE,4497
EVO.ST,4506
BERG-B.ST,4507
CLEM.ST,4514
FODELIA.HE,4515
CPHC,4516
TGI,4518
APTV,4519
NETI-B.ST,4520
RACE,4521
OFLX,4522
TACT,4522
ZEUS,4525
KN,4529
VTOL,4530
BCE.TO,4531
FSLR,4531
RBC,4533
DTM,4535
ABX.TO,4536
SPCB,4540
PBA,4544
BIOA-B.ST,4547
HSTM,4550
TW,4550
YUMC,4550
CELH,4554
HAYN,4555
KRR.TO,4556
SHOT.ST,4558
TGB,4558
GPOR,4559
NBR.V,4560
WWD,4561
AXR,4561
ATGE,4566
JOY.TO,4566
WM,4569
COHN,4569
NS,4572
GBU.V,4573
MTR,4573
EQNR.OL,4575
ETR,4575
METC,4576
PEY.TO,4577
METCB,4578
BRE.MI,4579
FLNG,4585
WDFC,4587
ARCB,4592
ADS.DE,4593
DRW3.DE,4596
REGN,4598
CHDN,4600
PAYC,4604
ALNT,4605
UPBD,4606
GETY,4609
SNG.DE,4611
ASM.AS,4612
HM-B.ST,4612
ARA.TO,4614
FORTUM.HE,4616
THULE.ST,4617
BCPC,4618
SCSC,4618
ETSY,4619
HMR.V,4622
VPG,4622
CON.DE,4622
EPD,4624
MCS,4626
IGM.TO,4629
STSU.OL,4631
UHS,4634
HLLY,4635
NOA,4636
TIGR,4636
CHECK.ST,4637
DIOD,4637
PLXS,4637
SIG,4638
LGIH,4638
DSY.PA,4639
LAMOR.HE,4640
EMN,4641
HBM.TO,4641
CLBT,4642
COLUM.CO,4645
CNI,4647
TRUE-B.ST,4649
FOUR,4650
TPH,4650
MYRG,4651
AIXIA-B.ST,4652
OVV.TO,4653
APEI,4653
SCX,4657
ACR.OL,4660
JWEL.TO,4660
ARISE.ST,4662
NAPA,4664
ENSU.OL,4667
NGVT,4668
EOAN.DE,4668
HAUTO.OL,4670
MNTK,4670
FKWL,4672
AMS,4673
VVX,4675
CPG.TO,4675
USPH,4683
NXST,4684
CANG,4686
JJSF,4689
WLK,4689
CBRE,4690
UGI,4691
PZZA,4692
PDS,4692
BN,4694
MKTX,4696
FSV,4697
RV.V,4698
YOU,4699
CARS,4701
QD,4701
AMP.MI,4702
SB,4702
GLOB,4703
XPO,4704
ARX.TO,4704
GLDN.V,4704
CAS.TO,4709
MPCC.OL,4712
EDV.TO,4713
AUR.ST,4714
AAV.TO,4716
KTR.V,4716
PKG,4719
VZIO,4719
EU,4722
ABB.ST,4725
MEDHLP.ST,4725
ORLA,4727
HLMN,4730
BILI-A.ST,4730
NOEJ.DE,4735
AMCR,4736
VICI,4738
SAIA,4739
RLJ,4740
NICE,4740
NVMI,4742
NKE.DE,4743
TFII.TO,4746
SPB,4746
BERY,4748
BB.TO,4755
MNRO,4756
DHR,4761
WMB,4761
HELE,4763
VOXR,4764
SBI.TO,4766
MDT,4770
4S0.DE,4771
CHR.TO,4777
NNH.ST,4780
G.TO,4782
WSC,4783
BOSC,4784
NOW,4786
PDX.ST,4787
IVSO.ST,4787
GENK,4788
TER,4794
FLMNG.ST,4795
ADS.OL,4795
ITERA.OL,4797
SATS.OL,4799
NABL,4802
FA,4804
NOBI.ST,4809
SPRO,4810
CECO,4812
HUYA,4812
ABL.OL,4816
ZUC.MI,4816
UTI,4817
LFUS,4818
H,4821
EMBC,4825
YAK.V,4825
ADT,4826
DUST.ST,4828
GBX,4831
K.TO,4834
BMI,4840
NR,4844
AES,4845
DIT,4845
VECO,4846
TMUS,4847
DD,4847
BFAM,4851
CRL,4852
LA.V,4853
REPX,4853
ASTK.CO,4854
PDCO,4855
VET,4855
ACM,4858
NKE,4858
BIO,4859
TEVA,4860
GOD.OL,4862
SRR.V,4863
DOCS,4864
VGCX.TO,4864
UTMD,4868
FM.TO,4868
CRCT,4873
WEST,4876
GIII,4876
VVC.V,4880
REX,4880
DHT,4881
HRL,4882
SGC,4883
ALGN,4885
SGRY,4885
DAR,4886
SFM,4891
WIHL.ST,4892
JELD,4892
ELA,4894
WWW,4895
HPP,4896
IVN.TO,4896
CSX,4896
CNT.TO,4897
GFP.TO,4901
PIHLIS.HE,4903
CRON,4903
GTLS,4904
CLH,4904
JAMF,4905
AEC.ST,4905
DNORD.CO,4907
SXC,4907
EXS.ST,4908
AROC,4909
TRS,4911
TRAK,4912
KNOW.ST,4912
AMG.AS,4914
HEI,4915
TINY.V,4916
CPRT,4916
HLF.TO,4916
SGE,4917
HAG.DE,4918
TSCO,4921
EBM.V,4923
KBR,4925
CLRO,4933
XYL,4938
LPK.DE,4939
ALT.OL,4940
ETRN,4942
CNMD,4944
NKT.CO,4947
ARIC.V,4948
BALL,4951
TUYA,4952
NOVT,4953
GLA1V.HE,4953
RHK.DE,4955
PBH.TO,4956
STOR-B.ST,4956
RVP,4957
ALE,4960
WEN,4962
PCTY,4963
IDA,4964
CRON.TO,4965
CAMX.ST,4966
NITRO.ST,4968
BB,4969
CSV,4978
GNRC,4979
KE,4980
VMC,4982
NOV,4990
DOCN,4993
ST,5001
TATT,5001
FTAI,5002
ENPH,5003
PFGC,5004
LCX.V,5004
INW.MI,5005
HOLM-A.ST,5010
BRILL.ST,5012
FSV.TO,5012
HOLM-B.ST,5012
SGMA,5012
MOV,5016
BOL.ST,5021
MTLS,5024
EGO,5027
EVRG,5032
SITOWS.HE,5034
SBLK,5034
TKO.TO,5042
ITGR,5047
DAN,5047
CTNT,5050
TTEC,5050
SFL,5052
NPO,5055
OSIS,5056
PPL.TO,5056
DEX.V,5058
DB1.DE,5059
UNP,5061
GDI.TO,5063
COR.LS,5067
SBS.DE,5068
ANDE,5069
TCMD,5071
MRAM,5072
HUBG,5072
MATW,5073
CF,5076
TRGP,5081
SEB,5081
JCTCF,5081
KEL.TO,5084
LYKO-A.ST,5085
EVD.DE,5086
AQB,5090
ANIP,5091
AKEL-D.ST,5094
THRD,5096
TGT,5099
QGEN,5100
STM.DE,5103
FTS,5103
ZBH,5106
VVV,5106
KMT,5106
ALNY,5110
AUST,5110
MC,5111
ACI,5111
GENC,5111
YJ,5112
CTRA,5114
SMID,5117
WLDN,5118
AEE,5118
KODK,5118
LSTR.V,5119
BGC,5122
DT,5123
AEO,5123
REZI,5124
COK.DE,5125
MTW,5128
NSKOG.OL,5129
SCATC.OL,5133
ALIV-SDB.ST,5135
VAR.OL,5138
BLMN,5138
SRAD,5140
NOA.TO,5142
HR,5143
BIOT.ST,5143
IP,5143
NTEK-B.ST,5144
ILC.V,5145
BWXT,5150
VBK.DE,5151
SSRM,5151
ELEAV.HE,5155
AVAV,5156
FN,5156
RDNT,5160
TECO.OL,5163
ORGO,5165
MCS.V,5165
MLNK,5166
TTALO.HE,5166
CNR.TO,5167
NAVIGO-STAM.ST,5168
EPIX,5169
NAVIGO-PREF.ST,5170
AFE.V,5173
MDU,5173
SFI.TO,5178
ATI,5179
NTST,5180
SUS.ST,5180
FNOVA-B.ST,5184
ILPT,5185
PD.TO,5185
PLOW,5188
NVEE,5190
MPWR,5191
CMG,5192
BESI.AS,5195
BWLPG.OL,5196
FENG,5196
ENR,5197
PR,5198
ALEX.V,5199
ARHS,5200
DRS,5201
KNTK,5203
RSS.V,5205
FTK,5205
APD,5211
MSN,5212
CRS,5214
FDX.DE,5214
CGA,5218
TLF,5223
ATY.V,5224
EU.V,5227
EPAM,5230
NWPX,5231
BNTX,5231
CHEF,5232
GRFS,5233
BOOT,5234
IPCO.ST,5235
PURE.ST,5238
EZPW,5238
AIR.PA,5239
8TRA.ST,5240
ELAN-B.ST,5241
NYAB.HE,5243
ZBRA,5245
IHRT,5245
BTS-B.ST,5246
SXT,5246
SAP.TO,5246
ONON,5247
BN.TO,5248
TSEM,5249
FME.DE,5254
MTRN,5255
KGS,5255
SO,5256
CDON.ST,5257
TI.TO,5261
OLA.TO,5262
SZG.DE,5267
NETC.CO,5269
HIBB,5269
RCM,5270
WST,5271
PRLB,5271
TTI,5275
NVGS,5276
SITE,5281
WTTR,5282
VOXR.TO,5294
WTI,5294
AP,5294
TDW,5298
MGEE,5298
EWK.V,5301
AGI,5304
FOI-B.ST,5306
FTI,5306
LUV,5306
THRM,5314
SAAB-B.ST,5314
ELO.OL,5317
CSIQ,5317
LFMD,5319
DYA.TO,5320
NTIC,5323
WMK,5327
ESLT,5329
ANNE-B.ST,5333
ENGCON-B.ST,5333
UN0.DE,5337
KENDR.AS,5337
VET.TO,5337
PHX,5340
NOHO.HE,5341
GOGL,5350
ISOFOL.ST,5351
TROAX.ST,5353
FMS,5359
COO,5360
OKE,5362
CNTY,5363
AIN,5365
INFA,5366
KMX,5367
FDX,5367
ORMP,5369
ABZ.V,5371
ERII,5372
PCH,5375
TCS.TO,5377
ENEA.ST,5381
IZEA,5386
AERO.V,5387
MDA.TO,5389
SRI,5389
OLLI,5390
XBIT,5390
FOXF,5391
SNCY,5392
LNT,5392
HQY,5394
CRAYN.OL,5396
HOLX,5398
PRCO-B.ST,5398
SYRA,5401
SPSC,5402
USAP,5403
ELLO,5411
AEP,5411
INGN,5412
ALKS,5413
TECH,5415
UT8.DE,5417
STE,5417
PERF,5418
TTNM.TO,5420
TOU.TO,5423
SBFM,5426
KMCP.OL,5427
VNET,5430
CARG,5433
JBHT,5435
TECK,5436
UBER,5437
ELYM,5437
AKAM,5438
PRQR,5438
HOWL,5441
SBIO.V,5442
ARDX,5442
EVCM,5443
SKIL,5445
ED,5445
APETIT.HE,5447
NFG,5451
CFISH.ST,5452
WAWI.OL,5453
PTSI,5454
WVE,5455
NPK,5455
PNTR.V,5456
DG,5456
WCN,5460
WBGR-B.ST,5461
WAF.DE,5463
SRI.V,5465
RLGT,5466
BRY.TO,5475
BKSY,5476
WLFC,5477
VATE,5479
DXCM,5481
DSP,5481
MEC,5482
FHTX,5483
CVGW,5484
MDF.TO,5485
IDUN-B.ST,5487
FE,5487
AEYE,5488
UTZ,5488
JNPR,5489
AVNT.TO,5489
MON.V,5490
RBA,5491
ZH,5493
DOMO,5494
AMZN,5495
ONL,5498
STNG.V,5499
AIF.TO,5500
ABIO,5502
BORR,5505
SNPO,5507
AZR.V,5508
GXI.DE,5508
GTEC,5515
XANO-B.ST,5517
SJW,5519
OLT.OL,5521
SUPN,5522
TITR.MI,5529
TIT.MI,5531
MSV.TO,5531
LUG.ST,5533
FRZA,5535
CCJ,5536
NUVB,5537
TXRH,5538
DRI,5538
KMI,5538
KGEI,5538
ELD.TO,5543
AWR,5544
OML.V,5545
LVX.V,5545
FLL,5547
ELSE,5547
ARKO,5549
MKSI,5550
FTFT,5554
WHG,5555
RENB,5558
PTLO,5561
KIT.OL,5565
TRMD-A.CO,5568
1SXP.DE,5571
PLAY,5573
LUMI.OL,5574
MLKN,5576
CPRI,5577
VIDH.ST,5580
PSMT,5582
ACB,5582
FORA.TO,5586
XP,5587
CYH,5593
IPGP,5596
NIO.ST,5597
HIGHCO-B.ST,5601
ELPC,5601
VEIN.V,5602
KEX,5602
TAL,5602
ELP,5603
TORC.V,5604
GIII.V,5605
MLEC,5605
BOAT.ST,5607
UPWK,5608
ANSS,5610
ROG,5611
QUAD,5611
FGI,5611
FTS.TO,5612
TAST,5613
IFOS.V,5616
PBI,5617
VEEE,5619
MCW,5621
ATIC.ST,5624
ATRLJ-B.ST,5627
VISL,5628
HILB-B.ST,5631
ACAD.ST,5632
GVR.V,5634
CTOS,5636
CP,5636
MOLN,5636
STRM,5638
WETTERI.HE,5645
NMRK,5646
OM.V,5646
VALU,5647
GG.V,5648
SFR.V,5649
CIEN,5649
KTCC,5651
JBT,5652
BYL.TO,5655
GTN,5655
ULBI,5659
TU,5660
XEL,5660
SSRM.TO,5660
H.TO,5661
PA.V,5664
DUK,5668
TRIFOR.CO,5670
STRAX.ST,5672
KLIC,5675
ENTA,5675
LMAT,5677
VITL,5677
SCANA.OL,5678
TRN.MI,5683
GCC.OL,5688
OLED,5692
FF,5693
DE.ST,5695
NEXCOM.CO,5698
JACK,5699
MULTI.OL,5701
GRID.TO,5702
SKA-B.ST,5702
CNP,5702
BFSA.DE,5703
LTRN,5704
ZDGE,5709
EHAB,5712
AWK,5715
EVC,5717
SAY.V,5718
INDCT.OL,5718
NHC,5718
ITOS,5721
NNDM,5721
NOKIA.HE,5723
SEER,5723
CXW,5724
GURE,5725
CEAD,5725
WCN.TO,5730
OOOO.V,5731
QSI,5731
ACA,5734
LUN.TO,5739
GIGA.ST,5740
PSK.TO,5744
USM,5744
5ZM.DE,5747
TLT1V.HE,5747
VIMIAN.ST,5750
SECT-B.ST,5751
BALCO.ST,5751
LUXH,5751
CREX,5754
DOMH,5754
XPOF,5756
NGS,5757
INOD,5762
MANU,5763
RES,5764
LYEL,5765
CODA,5767
BAY.V,5770
ODF.OL,5773
RBA.TO,5774
CAE,5774
ODFB.OL,5775
NGENIC.ST,5776
SPTN,5776
KOPY.ST,5777
BRNS,5778
NSC,5780
RAY-B.ST,5782
DSGN,5783
RGS,5784
NKTX,5784
ALEC,5784
CU.TO,5788
BONG.ST,5796
WDP.DE,5798
FNC.V,5798
EMBLA.CO,5804
ADEN.TO,5804
CRRX.TO,5804
HLTH,5810
TUSK,5811
SATS,5811
NAT,5815
AVIR,5815
LDWY,5815
ENSG,5823
CBRL,5823
NOK,5823
VTLE,5826
MXC,5828
PINE,5833
VNDA,5833
QNCX,5833
VNP.TO,5838
KEY.TO,5840
EXC,5840
KPLT,5843
HAFNI.OL,5845
BYD.TO,5845
AGI.TO,5846
OCFT,5848
CASI,5852
NVST,5853
CGEM,5853
FATE,5853
QIS.V,5854
ESI.TO,5854
ENLT,5854
SOTK,5857
FIGS,5857
GEI.TO,5857
DIS,5858
WELL,5859
LIFE,5861
MMSI,5862
PCRX,5862
OMIC,5865
EOX.V,5871
DTE,5875
ARTNA,5875
BOWL,5876
KAKEL.ST,5876
MWA,5878
MODG,5878
ROCK-A.CO,5883
VAC,5884
ROCK-B.CO,5885
BWLK.V,5886
ZM,5886
ASTC,5887
NLFSK.CO,5888
HBI,5890
SOLTEQ.HE,5892
ALLEI.ST,5895
SY,5895
APCX,5896
FLOWS.ST,5899
ALK-B.CO,5900
TVE.TO,5900
RHP,5901
SDET.ST,5903
LCII,5905
GPS,5908
KAMBI.ST,5910
ZC.V,5912
CPS.V,5914
AMT,5914
HAYW,5916
QURE,5921
DRH,5922
VIAV,5923
CHEK,5923
HEEROS.HE,5924
KLG,5924
BSK.V,5927
VIR,5927
IQ,5928
RNA,5930
HFFG,5932
KSS,5932
SECARE.ST,5935
CCCC,5935
ENVA,5937
EGAN,5938
PROK,5938
PGLD.V,5940
HLX,5940
JZR.V,5941
UHG,5943
OB,5945
BVA.V,5949
CYF.V,5949
UPS,5950
KMDA,5951
HE,5953
AINO.ST,5954
RDVT,5956
FPH,5957
GIGM,5959
SYNT.ST,5960
CCO.TO,5961
ESPN.V,5962
IIIN,5964
MASS.V,5973
YORW,5976
WBE.V,5976
CTLP,5977
DAVA,5978
SNC.LS,5981
SKLZ,5981
SSH1V.HE,5983
NERV,5989
TLIK.DE,5990
QCORE.ST,5991
YNV.V,5992
ATSG,5996
RGR,6007
NOBLE.CO,6008
YQ,6008
HBP.TO,6009
ADMA,6009
MEAB-B.ST,6009
PAYS,6013
BULTEN.ST,6013
TOM.OL,6015
AYRO,6016
HUNT.OL,6017
INKT,6019
PHAL.ST,6019
SWAV,6021
THTX,6022
NKTR,6025
GCOR.ST,6026
MTSI,6026
T.TO,6026
PPL,6026
STVN,6029
SNSE,6029
HEBA-B.ST,6030
CTS.TO,6036
AMC,6038
ES,6038
NGMD.V,6039
NEWO.V,6039
XWEL,6040
BILL.ST,6042
KZR,6044
STRO,6044
DEI,6047
UNF,6049
RGP,6049
FYBR,6050
KOD,6051
PBM.V,6052
EVTC,6052
NURO,6052
NVRI,6055
ADE.V,6056
IAS,6060
EVLV,6060
VHC,6061
CWT,6066
OCUL,6067
LINK.OL,6070
PRFX,6074
GWRS,6075
STOK,6076
LEVEL.ST,6078
HAE,6078
KEI.TO,6078
ISRG,6080
ZFOX,6081
SPOT,6081
HRX.TO,6081
SLGL,6084
SOHU,6085
IPDN,6087
ACB.TO,6088
WEC,6089
AEI,6089
PCT,6091
ALYA.TO,6095
PK,6095
CAE.TO,6096
ADCT,6096
IOBT,6098
KALA,6098
EWS.V,6099
FMC,6102
DOW,6103
GXO,6104
PGNY,6106
PILA.ST,6107
WRK,6107
SGG.ST,6109
AADI,6109
PETQ,6111
CAMT,6113
NFE,6113
PGP.V,6115
AXIL,6119
ALBT,6120
FMC1.DE,6121
FLS,6122
KOJAMO.HE,6129
APL.V,6129
SNI.OL,6133
LUC.ST,6135
EVI,6136
DTIL,6139
RPID,6139
THS,6141
DCBO,6146
A,6147
WSK.V,6148
CP.TO,6150
APLI.TO,6151
CHUY,6151
RAMP,6154
WERN,6154
CRMT,6154
FWRD,6155
MTEX,6155
GPRE,6155
BALY,6158
TIGO-SDB.ST,6160
OGN.V,6160
PNTG,6162
AOSL,6162
CODX,6164
OUT,6165
ELEV,6170
ALT,6171
RCI,6173
BKH,6173
SPRB,6173
THINC.ST,6174
GLMD,6174
SCWX,6178
ADV.DE,6179
SNTI,6187
NWSA,6188
GLJ.DE,6188
AEHR,6189
NWS,6190
LSTA,6190
RLYB,6192
TRT,6194
ITRM,6195
IRM,6197
SPI,6197
FOBI.V,6198
CRDF,6200
NXTC,6203
SOGP,6204
NBSE,6205
F,6208
PSNL,6208
CWST,6209
ZDC.V,6209
ZEAL.CO,6214
FAT,6216
LVTX,6217
FATBB,6218
HEX.OL,6219
SHLF.OL,6222
ACHL,6222
BONEX.ST,6223
SMHI,6223
AGX.V,6225
ENB,6225
NHHH.V,6226
TRN,6229
AEZS,6229
EQ,6230
FNV,6231
HIMX,6233
SQNS,6238
GRF.V,6238
PKE,6239
PULM,6239
PSAN.DE,6240
AEVA,6242
WHY.V,6243
AXM.V,6244
BIRD.V,6244
WUF1V.HE,6245
MMY.V,6245
PODD,6249
SONY,6250
HYLN,6251
CS.ST,6253
AXE.V,6254
GVOLT.LS,6254
ARU.V,6257
RDC.DE,6257
GX.V,6258
FMM.V,6258
DCBO.TO,6259
SKYW,6259
SNCR,6260
HLAG.DE,6260
PLC.TO,6262
BOOZT-DKK.CO,6263
EPSN,6263
CURI,6268
BNXA.V,6270
HHFA.DE,6272
AGAE,6273
PEPG,6275
BOLT,6276
VOR,6276
LPRO,6281
SLDB,6281
MTZ,6282
MMYT,6283
FSKRS.HE,6283
PIF.TO,6284
BTG,6284
OGO.V,6285
BIGT.V,6285
PRLD,6285
ALRM,6286
ENA.V,6288
D,6289
SMOP.OL,6290
AEZS.TO,6290
WILD.TO,6293
NOLA-B.ST,6295
FREE,6296
SCAN.V,6297
AEM,6298
KBHL.CO,6300
KOMPL.OL,6302
LL.V,6303
AMWL,6304
BROS,6310
GBTG,6315
DV,6316
BUSER.ST,6329
SHC,6330
ENVIP.OL,6331
TARA,6333
VTEX,6334
CWEN,6334
ERG.MI,6335
PX.V,6337
SPOT.V,6337
SILEON.ST,6339
NPI.TO,6339
FREJA.ST,6340
CJT.TO,6344
IVVD,6346
KOA.OL,6347
MGPI,6347
GO,6348
REC.V,6349
SIMO,6350
CMRX,6352
HST,6356
LFVN,6357
NGVC,6357
DOYU,6358
ALTG,6361
TDS,6368
SVI.TO,6369
OBLG,6376
CCO,6377
KCC.OL,6378
EDYOU.ST,6381
INST,6381
OSK.TO,6383
HMPG.V,6387
PRIC-B.ST,6389
NURS.V,6390
RVTY,6390
CADL,6393
CPTN,6395
UIE.CO,6397
FND,6405
SCL,6409
AGYS,6410
CODI,6410
MNKD,6411
TOVX,6411
PASG,6411
ANNX,6411
CPINV.BR,6413
BLBX,6414
DVAX,6414
SERA,6417
RZLT,6419
KNDI,6422
OEE.V,6426
PYXS,6427
HOOK,6428
CALX,6429
DFR.V,6431
CMS,6435
GRPN,6436
VICR,6436
AVO,6444
ODD,6448
INFU,6450
IART,6450
YIT.HE,6450
ADAP,6450
TH.TO,6452
TFM.V,6453
APRE,6453
VXTR.V,6454
RGLD,6455
HTC.V,6456
CLFD,6456
FUBO,6458
GDP.V,6459
MVY.V,6460
CC,6462
LBI.V,6462
MFA.ST,6463
OSS.V,6463
KITS.TO,6464
SBAC,6464
AENT,6465
FNV.TO,6466
BAKKA.OL,6466
TIL,6467
GATX,6474
KRON,6474
TENX,6476
AEIS,6482
CRIS,6482
SFD.TO,6483
SIEB,6485
GDS,6486
HCTI,6487
ELUX-A.ST,6488
PFSI,6490
ELUX-B.ST,6490
AFK.OL,6491
HEM.V,6492
KNX,6492
VAL,6499
LGL,6499
AMBP,6500
LLY.DE,6501
WFLD.V,6504
IMP.TO,6505
LLY,6505
NJR,6508
JSPR,6509
POR,6511
LVO,6512
SNDR,6512
CRK,6512
CSX.V,6514
WAYS.ST,6521
ANNX.ST,6526
LINC,6526
CETX,6528
TLIS,6529
COCP,6529
GENX.V,6531
CLX,6531
LSF,6531
JJ.V,6532
SDPI,6534
SPERM.ST,6535
NRDS,6535
BLIN,6537
GLTO,6537
BIR.TO,6538
CGNX,6540
ENTG,6545
RRC,6545
GFS,6550
NORR.V,6551
AKLI,6552
JCQ.PA,6553
ELDN,6553
CLCO.OL,6554
EDRY,6554
NRBO,6554
SOFTX.OL,6555
AUTO.V,6558
CMB.V,6559
ONTO,6559
TITA-B.ST,6560
OCTO,6562
DIM.PA,6562
CCC.ST,6563
HRGI.OL,6565
PNE.TO,6569
ENFN,6572
IMNN,6572
PON1V.HE,6574
WELL.TO,6575
TREE,6576
HLIO,6577
SST,6578
NDVA.V,6578
FRO.OL,6579
ICCT,6580
RPP.V,6582
RKDA,6582
REE,6582
MMM.V,6584
CUB.V,6586
GMED,6586
DSS,6591
OMI,6593
PRGO,6594
BDX,6597
BIOX,6597
GCP.DE,6598
AVRO,6601
CDX.V,6603
HUN,6606
AXON,6607
SGD,6608
SDRL.OL,6610
MRSN,6613
EPM,6614
ALZN,6615
PNM,6615
GE,6616
RDZN,6618
GKO.V,6619
LUXOR-B.CO,6619
CCI,6620
AGAS.OL,6621
DCO,6621
LPTX,6622
WSTEP.OL,6624
ADV,6624
DRM.TO,6624
LFWD,6624
LIDR,6625
MRTN,6629
UI.V,6630
ARTL,6630
DMI.V,6631
DB.V,6631
ENB.TO,6632
GLW,6633
THP.V,6634
QRHC,6634
EDPR.LS,6635
BSGM,6637
MOWI.OL,6638
PRE,6638
LWR.V,6643
TNXP,6643
AGFY,6644
UMH,6645
PED,6645
NEWU.V,6647
NWE,6647
IOX.OL,6648
ALRN,6649
KTTA,6650
ML,6652
VEEV,6654
TSLA,6655
FBRX,6656
INO,6658
BRTX,6658
AVNT,6662
CAI.V,6662
EON.V,6663
OMEX,6664
KLIMAT.ST,6667
LUMO,6669
HROW,6673
SRZN,6675
EIX,6677
CPNG,6678
LE,6678
BOX,6679
BR.TO,6679
HIFA-B.ST,6681
ORN,6682
CRTO,6683
MAL.TO,6683
REAL.TO,6685
OET.OL,6686
FGEN,6688
RGLS,6690
SYBX,6691
AMBU-B.CO,6693
IDR,6693
KOVO.V,6694
PEN,6694
SRT3.DE,6695
XLO,6701
KUKE,6702
EFN.TO,6704
ORA,6705
NEOG,6706
BTCY,6707
STTK,6707
NTR,6712
AREN,6713
AEM.TO,6715
PNN.V,6718
ALXO,6718
GTBP,6719
ACET,6719
HEXI.ST,6720
TRA.V,6721
LGMK,6722
INE.TO,6723
TAUR-B.ST,6724
DIVIO-B.ST,6725
CMOTEC-B.ST,6728
ATHA,6728
OCC,6729
NI,6732
MRIN,6733
FDP,6736
MLCO,6737
SPAGO.ST,6738
SCOL.ST,6740
SYRE,6742
AFMD,6742
HXL,6746
BTO.TO,6746
CE.ST,6749
KNE.V,6750
POWI,6750
EXPRS2.ST,6750
IZ.V,6754
TCM.CO,6756
SNAL,6765
IFF,6770
LUMN,6773
MSEX,6774
COOP,6774
WTRG,6776
SINT,6777
SVB.TO,6778
FRAG.ST,6779
MEOH,6782
CRNC,6783
AXL,6783
HUDL.OL,6784
DLTR,6786
BOOZT.ST,6788
OIS,6788
LIPI.ST,6789
TTGI.V,6790
NBVA.V,6790
MBRX,6791
SQ,6792
ETU.V,6793
STORY-B.ST,6794
DNO.OL,6794
MYLK.V,6795
LIDDS.ST,6795
AWRD.ST,6796
PVIS.V,6796
MILDEF.ST,6797
MIPS.ST,6799
APLT,6801
DGTL.V,6803
TETY.ST,6804
CTM,6807
DNTL.TO,6807
MASI,6811
OAM.V,6812
CARA,6812
TVI.V,6813
SIA.TO,6815
PESI,6819
CACC,6819
CNTX,6822
MCI.V,6823
PALI,6823
PDYN,6823
TTOO,6825
RICK,6829
PCSA,6831
VERI,6832
MSP.V,6833
NOTV,6833
MNPR,6835
CLB,6836
DETEC.HE,6838
SRE,6838
OSPN,6839
RGCO,6839
BELCO.OL,6840
MAPS.CO,6844
AEMD,6851
FREQ.V,6853
WPM,6855
SAFE.ST,6855
COE,6857
QUART.ST,6857
REFINE.ST,6859
DSGR,6859
SVT,6860
RELL,6860
ONCT,6861
AIDX.TO,6863
TESSIN.ST,6863
FLNG.OL,6865
GYC.DE,6868
FRE.DE,6868
BWMN,6871
ECTIN-B.ST,6871
AVG.V,6872
ARCH.OL,6874
MFI.TO,6875
DAY,6876
OGS,6876
SNT,6876
RP.V,6881
PGS.OL,6881
FTRE,6881
PHARM.AS,6882
FLXS,6883
JTAI,6884
PLEJD.ST,6885
ELUT,6889
ATW.V,6890
SKMO.ST,6893
MDX.V,6896
SGMO,6897
ASMB,6899
HUSQ-A.ST,6900
DESP,6901
PRST,6901
HUSQ-B.ST,6902
SWN,6905
PNPN.V,6906
SWK,6907
EMA.TO,6908
NEM,6908
PHAR,6909
DEAL.V,6911
ALNG.OL,6911
CAT-A.ST,6913
GFL,6914
CAT-B.ST,6915
AER,6915
SRCL,6917
WATT,6919
SGLY,6919
APVO,6920
PAY,6921
VCM.TO,6921
NRXS,6922
BCAB,6923
FOOT-B.ST,6927
CISO,6928
ALGS,6928
FOOT-PREF.ST,6929
ALS.TO,6929
CYTH,6930
DAY.TO,6931
DATS,6933
CNX,6934
TRAW,6934
BLICK.ST,6937
VIRT,6937
KTOS,6938
SWA.V,6939
SHYF,6939
VIRX,6940
ISPC,6946
CPK,6951
EAT,6952
MGM,6955
SNGX,6955
COHU,6961
BGA.V,6963
NOG,6963
SMOL.ST,6964
SCA-A.ST,6965
SCA-B.ST,6967
LIFW,6969
RXO,6970
ASNS,6971
FIVE,6971
PBPB,6973
SLAB,6976
SBOW,6976
TALO,6977
IKT,6979
IMMNOV.ST,6979
JEWL,6980
SBEV,6980
STR,6980
SYG.V,6982
NTR.TO,6984
AVD,6985
OWLT,6986
TTSH,6986
GETR,6987
SLP,6988
PSNY,6989
LPCN,6989
OPTN,6993
VLRS,6999
BTV.V,7001
AGRI,7002
EQIX,7006
INM,7009
PTEC.V,7011
GNL,7011
BNOR.OL,7011
FNR.V,7013
WPM.TO,7013
DEAR.ST,7015
PLTR,7015
FARM,7015
AIM,7017
TXP.TO,7018
AVA,7019
KTRA,7020
HSDT,7021
GCTK,7022
ALCO,7024
WISH,7024
CHWY,7025
AMD,7026
NUWE,7029
AZT.OL,7030
MATAS.CO,7030
AGTI,7031
SWP.TO,7031
CMND,7033
AKVA.OL,7039
ASTI,7042
IMUX,7042
SDS.ST,7043
LUNA,7045
RBT,7048
WKG.V,7048
BLCO,7048
AKAST.OL,7051
LOHILO.ST,7054
SIOFF.OL,7054
YFI.V,7055
GFL.TO,7056
TRP,7056
CMMB,7057
TPHS,7058
STA.V,7059
AMSWA,7060
SBO.OL,7060
ALIM,7061
CDIO,7061
OURLIV.ST,7066
SWBI,7066
PER.V,7068
MX.TO,7068
PRTA,7069
TPZ.TO,7073
AAN.V,7074
VOLAB.ST,7077
KALU,7077
GHL.V,7079
ALIT,7080
OPAL,7081
2020.OL,7082
EDY.V,7086
BMK.V,7086
WPAY.ST,7086
SECI.ST,7086
TROX,7086
AMPS,7086
CNCJO-B.ST,7086
AYIMA-B.ST,7089
FWRG,7089
MPH.V,7089
CHK,7089
VMXX.V,7089
SGU.V,7092
ATO,7093
SWX,7094
ATRI,7096
LSPK.TO,7097
LPTV,7098
THRM.V,7098
AVGR,7100
LMG.V,7101
KLAR.ST,7105
RENE.LS,7107
VREX,7108
AMRC,7108
PHIO,7112
SEEL,7115
AL,7120
SPZ.V,7122
PIII,7123
UP,7126
AQS.V,7128
FLYW,7129
SHPW,7129
SHOP,7130
PCYO,7131
EFTR,7132
LEDIBOND.CO,7132
GWRE,7132
VINC,7133
CR.TO,7139
REYG.V,7139
GAME,7141
AJA-B.ST,7142
SBX.OL,7142
OCN,7142
ADXN,7142
LUCD,7143
NOKIA-SEK.ST,7144
TARO,7145
NTE.V,7145
KPRX,7146
VSCO,7152
LAAC,7153
INIK.V,7156
UTL,7159
BLCO.TO,7166
DARE,7169
MSON-A.ST,7173
MSON-B.ST,7175
ICUI,7177
NGT.TO,7177
LTH,7180
PLYA,7181
LUND-B.ST,7181
SHOP.TO,7182
NORAM.OL,7183
BL,7183
GIAB.ST,7184
QDEL,7184
FRED.V,7185
SNES,7185
OKDAV.HE,7187
PEI.V,7188
OKDBV.HE,7189
FATH,7191
DIB.MI,7191
ORGS,7193
STAF,7193
LIVN,7193
BATRA,7194
1COV.DE,7194
RMNI,7194
IS.ST,7196
BATRK,7196
TH1NG.ST,7198
NBR,7199
XMR.ST,7200
READ.ST,7202
GEC.TO,7202
WINT,7204
CAKE,7206
KFAST-B.ST,7207
MIR.V,7210
NXL,7213
BORR.OL,7214
WOOF,7214
BMTX,7214
VIS.V,7217
CLAV.ST,7217
AIV,7218
STAA,7222
KXS.TO,7225
SILC,7227
STREAM.ST,7228
SLS,7232
VERX,7234
GVP,7236
SGH,7239
ID.V,7241
EL,7244
GDEV,7244
LTRY,7247
ECX,7250
B,7251
AUUD,7254
CALC,7254
WDAY,7255
JPIM.V,7256
AVU.V,7256
FSTR,7258
BGFV,7259
VWS.CO,7260
PCG,7261
INSP.V,7262
LADYLU.ST,7267
ATNI,7267
LAAC.TO,7270
GRI,7273
OMDA.OL,7275
CSLR,7276
SBGI,7278
PRVA,7279
GT,7279
IFA.TO,7281
OPGN,7282
ARAY,7284
RGI.V,7285
TCO.V,7286
FTEC.V,7286
TRP.TO,7286
INTZ,7287
AIRS,7288
YUBICO.ST,7290
NEE,7292
AKBM.OL,7293
NXS.V,7294
OTLK,7296
GRTX,7298
SKOLON.ST,7300
BMRN,7300
TNON,7300
EUDA,7301
SPEONE.ST,7301
NGD,7303
HSHP,7306
TYRES.HE,7306
AR,7308
SRFM,7309
BCLI,7310
BURL,7310
CTC.TO,7312
MAGLE.ST,7313
IEI.V,7313
GOGL.OL,7315
TRNS,7316
RNAZ,7316
AEGA.OL,7317
SVV,7317
IRDM,7317
BKTI,7319
GOVX,7319
AMSC.OL,7320
GENO.ST,7321
IFX.V,7322
GHM,7323
MLP.DE,7323
WCE.V,7324
HOFT,7324
BVS,7325
CTRL.V,7326
MAC,7326
EGHT,7327
EXN.TO,7328
RSLS,7332
APTO,7334
AGBA,7335
SMFL,7337
MLO.V,7340
VGN.V,7340
CYXO.ST,7340
APS.TO,7342
DLB,7343
RDHL,7344
LUMI.ST,7345
SPIFF.ST,7346
CEI,7347
SEMR,7347
VAR1.DE,7347
HURC,7348
OODA.ST,7348
ACDC,7349
CSSE,7350
SOLT.ST,7351
QPT.V,7354
OBSRV.OL,7358
GR.V,7361
CNE.TO,7361
NCI.V,7361
SAND,7366
VULTS.ST,7367
INTU,7368
TENDO.ST,7368
HEPA,7369
KLARA-B.ST,7377
VBIV,7379
MNC.V,7379
NDLS,7379
ALTR.LS,7380
IFISH.OL,7381
PEG,7382
BET.V,7383
CRBK.V,7383
BRSP,7384
VTAK,7387
MNTS,7387
VVOS,7388
EGLX.TO,7389
NEXI,7389
MULN,7390
PSTV,7391
TGL,7394
QLGN,7395
SISI,7399
PAVM,7400
NDX1.DE,7401
POLAR.ST,7404
ECPG,7405
ENVB,7405
VLCN,7407
GRSL.V,7408
AGR,7414
BIOR,7418
PHUN,7422
PTN,7423
KRUS,7423
MCOV-B.ST,7425
RIGHTB.ST,7426
AWIN,7426
EPL.V,7427
ADVBOX.ST,7427
NU.V,7428
SMHN.DE,7429
IAUX,7429
LKY.V,7430
ITI,7433
PLUR.V,7434
TTD,7435
MBBAB.ST,7436
CPSH,7438
HUNTER.ST,7439
AIRT,7439
CISH.ST,7440
HUSCO.CO,7443
SGQ.V,7443
COIN,7448
SUSG.ST,7449
BYW6.DE,7450
TRNR,7451
WORX,7452
LAZ,7453
DIGIGR.HE,7457
QLIFE.ST,7458
CATO,7458
GER.V,7459
ADTX,7460
BDL,7460
BONZUN.ST,7464
ATEN,7466
MSGM,7469
AYA.TO,7471
PROB.ST,7472
CTN.V,7473
CYCC,7473
UXIN,7474
FASTAT.ST,7474
POND.V,7475
CYCN,7476
TBIX.V,7479
PACK,7479
MRAI,7484
SSL.TO,7484
NGD.TO,7484
ESM.TO,7488
CENT,7489
SPP.V,7491
CENTA,7491
POOL.V,7492
DDRIL.OL,7493
SDE.TO,7496
WRG.TO,7496
RABI.V,7498
IDEX,7501
CSGP,7506
LORD.V,7512
SHAK,7513
BILD.V,7515
CHS.V,7518
KELYA,7518
YIELD.ST,7519
KELYB,7520
VZZ.V,7523
RVX.TO,7524
GAB.V,7529
EQX,7529
ROBIT.HE,7532
FANS.TO,7536
BSFC,7537
CAVA,7538
ICON.V,7538
CCRD,7539
NGE.V,7540
RGEN,7540
RCS.MI,7541
MEDS,7542
LSAK,7543
IAU.TO,7545
NHY.OL,7545
SUBC.OL,7547
DGHI,7548
HAM.V,7548
NARI,7551
VCNX,7552
NAVB,7555
VERB,7556
SLNA,7559
CNSP,7562
NEPA.ST,7562
GARO.ST,7563
MRDB,7565
AUVI,7565
PRAA,7565
OGC.TO,7566
OCI.AS,7568
CLAR,7572
JDT.ST,7573
BLX.TO,7574
CIX.TO,7575
ACON,7576
OBAB.ST,7576
CXM,7577
PHO.OL,7577
EYE,7577
GBK.ST,7579
EXPI,7581
TRAIN-B.ST,7581
BM.V,7584
ROI.V,7589
HOUR,7591
WYNN,7594
AMNI.ST,7596
GGA.V,7597
BAS.DE,7597
DAC.V,7598
SCLX,7602
S2M.ST,7603
NORSE.OL,7605
INBS,7616
WAGR.V,7616
GGX.V,7619
OP.ST,7620
ICD,7624
BTCW.V,7626
IMCR,7629
SYNC-B.ST,7634
MKT.V,7641
NTNX,7644
DDOG,7645
MBLY,7648
EQX.TO,7649
MEI,7650
VASTB.BR,7650
RDI,7653
ELIMP.OL,7654
RDIB,7655
UCTT,7656
BOR.OL,7656
DGHI.V,7658
HBIO,7661
SLP-B.ST,7662
TIE.V,7668
DERM,7669
SZLS.TO,7670
SANOMA.HE,7672
PAAS,7674
ALLR,7675
DBGI,7681
GORV,7683
KCO.DE,7686
ALA.TO,7687
GBT.TO,7688
OGD.TO,7689
MEIP,7691
SUY1V.HE,7691
PRSN.V,7694
WBD,7700
CLBIO.ST,7701
AXNX,7705
CMTL,7705
NOAP.OL,7706
NYTTO.ST,7710
PMET.TO,7710
METSA.HE,7714
METSB.HE,7716
ATZ.TO,7718
AAT.V,7725
IDL.V,7729
SHEN,7729
EXK,7732
CWC.DE,7733
ENRO.ST,7735
CERT.V,7748
OMCL,7749
PAAS.TO,7750
SFAST.ST,7754
ZVSA,7755
NICK.V,7756
CORE-A.ST,7756
NORB-B.ST,7757
HEGR.ST,7757
AVNS,7758
CORE-B.ST,7758
CORE-D.ST,7760
GMRE,7769
SNM.V,7772
CMP,7780
EDR.TO,7785
SBET,7786
SOLR.V,7786
CS.TO,7787
LXFR,7789
EWIND.OL,7791
DRQ,7791
UEC,7792
CRWD,7793
ELMD,7793
CTM.ST,7796
YAR.OL,7797
AT1.DE,7798
HANK.V,7801
ENV,7802
TUP,7806
LEU,7806
VLN.TO,7811
LRN,7814
RCRT,7817
STKL,7818
XVIVO.ST,7820
LPK.V,7825
KNT.TO,7826
BTBD,7827
PTEN,7829
LIRC.TO,7832
AU,7833
EEX,7835
FORM,7836
NTGR,7841
HSHP.OL,7842
MSC,7844
BRSH,7845
PAN.V,7847
PGRU,7853
SCZ.V,7854
BHC,7857
BEWI.OL,7858
PNA1V.HE,7859
SML.V,7860
ATIP,7860
PRS.OL,7861
QPR1V.HE,7865
LEVI,7865
SOY.TO,7866
EXAS,7868
INVE,7868
CNX.V,7868
DLCG.TO,7869
AINC,7873
BHC.TO,7874
FFARMS.CO,7874
PPR.TO,7876
SYDSV.ST,7877
BKD,7878
BW,7881
MIR,7882
MOS,7882
WALL-B.ST,7889
CRSR,7890
KENH.ST,7891
PIXY,7894
GSAT,7902
CTT.LS,7902
QTRH.TO,7904
PE.V,7910
UTG.ST,7910
MAV.ST,7912
TAGM-B.ST,7917
GLT,7920
K2A-B.ST,7920
DTST,7923
NOD.OL,7924
BIOVIT.ST,7926
SA,7926
AMH2-B.ST,7929
GQ.V,7931
INTC,7933
GIGA.OL,7935
CTH.V,7937
AR.TO,7943
GA.V,7945
SNM.ST,7950
SEA.TO,7950
REKO.V,7954
VSSAB-B.ST,7958
GCOM.V,7960
APN.V,7961
CTA.V,7964
AFISH.OL,7966
ILKKA1.HE,7966
SDNS.OL,7968
ILKKA2.HE,7968
COO.V,7971
KVIX.ST,7972
SOCIAL.ST,7979
EQT,7979
TINGS-A.ST,7980
TINGS-B.ST,7982
TTGT,7983
PSTG,7986
XPRO,7987
ADCO.TO,7991
M,7991
QLIRO.ST,7992
FLGT,7993
LITB,7993
7HP.DE,7993
ZUM.V,7995
INFN,7998
RIWI.V,7998
REI,8001
GOK.V,8002
SING,8005
RVLV,8005
ESG.CO,8007
VPI.V,8008
SBBC.V,8010
UHT,8013
GDYN,8028
PUL.V,8032
NAPA.OL,8033
CKX,8035
FL,8036
TRIAN-B.ST,8036
STUDBO.ST,8037
TRC,8041
WISH.V,8042
FOM.TO,8043
JYNT,8051
XL.V,8052
GENT.OL,8053
WRX.TO,8053
OOMA,8058
GHC,8058
SR,8058
ACS.V,8061
SKK.V,8061
BRMI.TO,8063
GLXY.TO,8064
YYAI,8065
MAC.V,8067
APPF,8069
MERC,8070
EDR,8085
BRIN-B.ST,8088
RMBL,8090
GOOS.TO,8090
QUIS.V,8094
GOOS,8095
NOW.V,8098
NIS.ST,8100
JVA,8102
STE-A.ST,8104
TECH.OL,8105
NINE,8106
STE-R.ST,8108
TEAM,8115
ATLA-DKK.CO,8117
LATF-B.ST,8124
ASM.TO,8126
MHH,8129
PINS,8130
TWIN,8132
FCU.TO,8135
OMQS,8136
GGR,8136
AVPT,8136
ESENSE.HE,8136
MDP.TO,8139
ASM,8141
UNIT,8141
CASE.ST,8143
BHR,8145
COFB.BR,8146
ZAL.DE,8148
HPQ,8149
WIX,8154
AIR,8157
NL,8158
PHM7.DE,8158
MP,8162
SEAT,8162
ESI,8166
JOMA.ST,8170
NOVA,8171
MTV.MI,8171
CREG,8173
DTC,8173
LOGI-A.ST,8175
TSG.V,8176
LOGI-B.ST,8177
SMG.ST,8178
ELK.OL,8179
STEAV.HE,8179
MNDY,8180
STERV.HE,8185
CTMX,8188
FRPT,8191
BRN,8197
CNO.V,8197
HUBS,8200
VIV.V,8201
LIFT.V,8201
FVL.TO,8202
HYQ.DE,8202
WFC.TO,8205
MO,8207
HFG.DE,8208
NILS.ST,8208
PUBM,8210
VTS,8217
INDERES.HE,8219
PLRB.V,8221
GLB.V,8225
HAIN,8228
TRUP,8229
MLAB,8229
IMG.TO,8233
TTS.V,8235
AME.V,8235
NOL.OL,8237
IWS.OL,8238
BAX,8239
ALGT,8241
LIVE,8243
UPM.HE,8247
NUTX,8253
XGC.V,8256
SLNG,8256
RRX,8261
TORO,8262
QTWO.V,8265
RMR.V,8265
OYL.V,8267
ENTG.V,8272
GOMERO.ST,8273
RIG,8274
COHR,8274
PEGA,8275
IAG,8278
TZOO,8278
DXYN,8283
SPWH,8283
CAH,8286
LOVE,8289
DNUT,8291
HAWK.V,8292
PDFS,8294
QEC.OL,8295
BGSF,8298
ADTH,8306
MAYS,8306
KOSKI.HE,8308
PIRS,8310
HCU.V,8312
KR,8312
COPP.ST,8316
ARTG.V,8319
EFV.V,8327
FISH.V,8329
CCCS,8329
HBK.V,8332
MTH.V,8338
DAIO,8342
TISI,8345
BOAT.V,8346
KONT.ST,8354
DUOL,8358
FM.MI,8359
RRGB,8360
WVVI,8363
DLTH,8371
AIRX.OL,8373
VHI,8374
SCD.V,8376
GDC.TO,8377
LAW,8384
AZTA,8386
OLK,8387
DO,8389
TFPM.TO,8389
TLO.TO,8391
CML.V,8394
MTX,8395
ZG,8396
CUU.V,8397
CALM,8398
Z,8398
FNGR,8398
CLAS-B.ST,8399
WU,8400
SEDG,8401
LSXMB,8408
NSA,8410
LSXMK,8410
TBRD.V,8412
LSXMA,8412
SMT.TO,8416
FUU.V,8416
TTC,8416
MOS.V,8417
GCG.TO,8421
FVRR,8422
TTZ.V,8423
ALTO,8424
AAN,8426
TRAD.ST,8430
ASLE,8432
BILL,8432
CDMO,8433
TUD.V,8434
BRP,8434
TFPM,8438
FF.TO,8440
PETS,8442
MYID.V,8446
IDAI,8447
CN.V,8447
SURG.V,8449
RHE,8456
ECMPA.AS,8459
TTMI,8462
CRC,8463
ADYA.V,8464
NWN,8467
GABR.CO,8467
EEZY.HE,8468
SECU.V,8473
MITK,8474
TUO.V,8480
AAL,8484
NOM.OL,8488
FLNC,8489
LSG.OL,8492
NET,8492
ECOM.V,8494
SHAPE.CO,8498
NNBR,8502
GMIN.TO,8511
HL,8511
RDS.V,8516
SANA,8519
LINK,8520
DELL,8520
TLA.V,8521
III.TO,8524
AVDX,8526
LOVI.ST,8532
BOS.TO,8536
HIGH.V,8537
NORTH.OL,8537
BIIB,8540
SCOR,8541
NFI.TO,8543
FSI,8545
KG.V,8548
TSE,8549
FABLE.ST,8551
CBLU.V,8554
MRC.TO,8556
GLG.TO,8560
RBBN,8562
TMV.DE,8562
GME,8566
AORT,8568
GPRO,8570
ZS,8571
AII.TO,8572
BWAY,8573
SVG.V,8573
LMN.V,8574
LXU,8574
GLO.TO,8575
ASTE,8577
AGFB.BR,8579
FPX.V,8579
DURC-B.ST,8581
BVN,8588
COR,8592
AKR.V,8594
LEMSE.ST,8595
VCTR,8599
GTC.V,8600
WBA,8600
AWRE,8601
TELLUS.ST,8601
SHIP,8603
EVK.DE,8608
DOS.V,8608
LMNR,8611
SRPT,8611
MMN.V,8612
TWM.TO,8612
BMK.OL,8612
HTLD,8613
MAHA-A.ST,8614
EXL1V.HE,8617
YRD,8618
GEN,8618
TENB,8621
SACAM.OL,8621
OCO.V,8622
YEXT,8622
INSP,8623
EXEL,8626
WVM.V,8635
CINIS.ST,8635
RK.V,8637
WK,8638
SKYH,8644
MARI.TO,8645
XELA,8648
MDB,8649
NP3.ST,8651
CDE,8655
BMET.V,8655
CWAN,8656
DLAB.ST,8660
SSTK,8660
ASH,8662
EAM.OL,8663
ICHR,8664
GLDD,8665
ELVA.TO,8679
CLOUD.OL,8689
VCEL,8689
VMI,8692
HITI.V,8694
PLAZ-B.ST,8695
JG,8696
ELE.V,8697
CGC.V,8702
QGR.V,8703
SOLG.TO,8704
AMX.V,8705
ELVA,8705
SNBR,8705
OMI.V,8708
LCE.V,8708
SIGA,8710
CURA.TO,8715
PNL.AS,8716
PFMT,8717
TBI,8718
NGY.V,8719
MPCES.OL,8721
SYZ.TO,8723
OR.TO,8724
SALT.V,8724
ECO.TO,8726
MMA.V,8729
PRO.ST,8731
AAP,8735
DQ,8736
TLYS,8737
GLPG,8739
MD.V,8739
DAN.V,8740
STKS,8743
ISV.TO,8743
SHCO,8746
GRC.TO,8747
GROY,8755
BOC,8755
IGD.MI,8758
LIO.V,8759
WRN.TO,8759
NMI.V,8762
XFOR,8762
QIPT.TO,8762
GLPG.AS,8764
RTH.V,8773
CAD.V,8774
M5Z.DE,8778
JOB,8781
ASIX,8782
SEDANA.ST,8782
ASCU.TO,8785
NEXN,8788
HITI,8789
HAI.TO,8793
TK.V,8794
EQ.V,8796
ECM.V,8801
DVYSR.ST,8802
ALB,8803
SPA.V,8804
B4B.DE,8805
LTX.V,8806
NUAG.TO,8806
FRDY.V,8807
TPC,8808
QIPT,8813
ODV.V,8823
HH.CO,8823
ENDR.V,8823
EDG.V,8823
DEC.V,8824
MHI.V,8825
MRVI,8826
OR,8831
PNE3.DE,8833
ASCE.BR,8833
GGI.V,8834
URC.TO,8835
CTKB,8840
PAHC,8841
GDDY,8843
IFA1V.HE,8843
THNC.TO,8848
AML.V,8849
JIN.OL,8855
RCT.V,8860
POLYG.ST,8860
VUL.V,8862
ORRON.ST,8864
BUI.TO,8868
GAIA,8869
HPY.V,8871
BNG.TO,8872
WRN,8873
ARH.V,8874
FNTN.DE,8879
GSF.OL,8881
BA,8884
AUSS.OL,8885
GETT.V,8892
SYPR,8896
DCM.TO,8896
SIG.V,8897
SDF.DE,8898
FIVN,8898
ALTR,8898
BCO.DE,8901
HCSG,8904
DSY.V,8906
HTL.TO,8906
SMY.V,8909
MEG,8910
NKL.V,8911
BRAV.ST,8911
NEWP,8916
KAR.ST,8918
AOT.TO,8921
MEQ.TO,8921
MSC.V,8922
QEC.TO,8924
CMI.V,8928
BOTX.ST,8929
ARLO,8929
OIII.V,8930
NEXA,8932
CEI.V,8932
GRAB,8933
ISPR,8936
SRDX,8940
OPT.TO,8941
TAU.V,8942
CNC.V,8942
UROY,8943
ALMA.HE,8945
BCRX,8947
GTWO.TO,8950
AFG.OL,8950
GWA.V,8952
SE,8952
VRNT,8953
DOC,8954
KIDS,8958
CNSL,8959
PINK.V,8961
DBG.V,8962
KC.V,8963
RUP.TO,8965
CKG.V,8966
AHR.V,8968
ANGI,8971
NDA.DE,8974
GBR,8976
EFR.TO,8986
AQN.TO,8989
TWR.V,8991
RYAM,8999
EVBG,9003
HABA.DE,9004
SALME.OL,9008
ODV,9014
SPIR.OL,9014
MYPS,9017
ITH.TO,9021
LCFS.TO,9027
WOLF,9027
FR.TO,9027
BTDR,9034
NAII,9035
DYG.V,9036
AAC.ST,9036
IHT,9036
STE.V,9044
GIP.V,9046
EAF,9046
FPIP.ST,9047
TRO.V,9048
AZM.V,9049
SLVR.V,9060
PCELL.ST,9060
VO2.ST,9063
EPF.V,9066
HWY.V,9067
XNET,9074
LN.TO,9075
AFRM,9082
MTA.V,9082
GBLT.V,9084
PHNM.V,9086
UUUU,9086
MNTC.ST,9093
LGC.V,9097
ORGN,9098
CEVA,9098
ASPS,9098
PROXI.OL,9100
BAND,9105
VFF,9107
INCA.V,9111
FOLD,9112
BRE2.ST,9116
ILLM.TO,9117
PRTS,9119
CGG.TO,9121
MLTX,9121
AQN,9123
ENOV,9125
ECR.V,9127
OPTOMED.HE,9130
INTRUM.ST,9130
RIO.V,9138
GRIN,9138
CCE.V,9140
ZFR.V,9141
DAO,9142
AMK.V,9142
STX,9145
AG1.DE,9149
GPG.V,9150
FRILAN.ST,9150
ELLWEE.ST,9152
ECN.TO,9153
ATRC,9154
CATE.ST,9154
ALTA.V,9155
THM,9156
DHX,9157
BSS.MI,9159
RMO.V,9161
DASH,9162
BEO-SDB.ST,9165
SUP.V,9166
EVO,9166
FO.V,9168
GMV.V,9170
FPC.V,9171
DNO.V,9172
FIS,9173
PET,9174
AMZ.V,9175
AG,9177
PLAN.V,9177
CAV1V.HE,9179
EB,9181
FIP,9184
NYAX,9185
IVX.V,9190
EVT.DE,9195
BRVO.V,9195
EMIL-B.ST,9196
DLHC,9197
SVE.V,9198
YY,9203
APAM.AS,9203
REG.V,9204
W5.ST,9205
DSV.TO,9209
GUN.V,9209
WHN.V,9213
EP.V,9216
ARES,9218
LEM.V,9220
MTA,9220
AED.BR,9220
VLI.V,9222
KEC.TO,9224
PFC.V,9227
IFP.TO,9230
DMX.V,9230
LYFT,9230
CAPT.V,9231
XPLR.V,9232
SYH.V,9233
MODI.ST,9234
QMC.V,9236
MTRX,9239
CAMP,9240
BAT.V,9242
ELABS.OL,9244
GGM.V,9249
BAU.V,9249
UNH,9250
LTRX,9251
SHO,9252
KDP,9252
SIRI,9253
FT.TO,9256
PDEX,9257
MKO.V,9258
ASUR,9258
ERJ,9261
PRYME.OL,9261
BIM.ST,9262
ZD,9266
SUI.V,9269
CCOI,9272
MENE.V,9275
ETON,9278
VRR.V,9281
CONN,9283
ULCC,9285
CNRI.V,9287
PGY,9290
PUMU.HE,9292
AQST,9297
ASG.V,9300
CANDLE-B.ST,9302
CASA.V,9303
MAG.TO,9306
TPCS,9308
EEVIA.ST,9308
ZOMD.V,9311
EMGS.OL,9312
OVARO.HE,9315
LEGN,9315
SNDA,9317
RHC.V,9323
AGL,9324
FDR.V,9326
CRE.V,9327
NYF.ST,9327
CYBR,9337
ATRL.TO,9340
BOL.V,9344
XTG.TO,9345
NEL.OL,9346
DEFN.V,9350
SPD.V,9351
BICO.ST,9354
GLDC.V,9355
AEF.MI,9356
AZS.V,9356
ALOT,9357
GGD.TO,9361
GROW,9363
ZON.V,9365
NEXAM.ST,9371
IRWD,9371
WDO.TO,9372
ELEC.V,9373
ENVX,9380
GPG.ST,9380
MLP,9381
MXG.TO,9388
MAG,9389
KD,9395
CUSN.V,9398
ARM,9398
TCXT.V,9398
DDD,9399
ELVT.V,9401
AXGN,9402
COOR.ST,9403
BLKB,9405
BGNE,9406
TNOM.HE,9406
MAR,9407
GRA.TO,9410
HUFV-A.ST,9414
NANOFS.ST,9419
STEF-B.ST,9419
ATCU.TO,9420
SPG,9422
NIM.V,9423
CARA.OL,9429
QCX.V,9431
CCCM.V,9432
GASX.V,9433
SOL,9434
EMPR.V,9438
RECSI.OL,9438
OPEN,9439
TWLO,9441
NAU.V,9442
PYRUM.OL,9444
CRDO,9447
FR,9447
SKYT,9448
NGEX.TO,9448
CVB.V,9451
AMM.TO,9458
UNFI,9461
ICCC,9461
FNA,9465
FNKO,9469
SUZ,9470
FRSH,9470
ESTC,9471
SLOTT-B.ST,9472
NFO.ST,9473
STC.TO,9476
OVZON.ST,9482
TIN.V,9488
TEKNA.OL,9492
NEOBO.ST,9493
SAGA-A.ST,9494
SAGA-B.ST,9496
SAGA-D.ST,9498
MMI,9500
GRZ.V,9501
ERD.TO,9503
HOOD,9506
VLC.V,9506
GSP.V,9510
PTM.TO,9512
SITC,9512
ABR.V,9516
GUF.V,9517
KRYS,9519
LEV.TO,9520
B3.ST,9521
BYN.V,9522
NEXT.TO,9523
WGO.V,9530
LEG.DE,9530
NPK.TO,9531
AUPH,9531
PLY.V,9534
MONT.V,9541
HIMS,9543
IVQ.TO,9544
MGNI,9549
SYNA,9550
GOOD,9553
LITE,9554
SSVR.V,9557
SGZ.V,9559
DYNT,9560
GPH.V,9560
STUV.V,9562
SANG,9564
MGI.V,9566
BTT.V,9566
FPAR-A.ST,9567
FPAR-D.ST,9569
CYRX,9575
GZD.V,9575
NEPH,9575
NG.TO,9576
VZLA.V,9579
NORDH.OL,9579
PPTA.TO,9580
EMBRAC-B.ST,9580
CTVA,9581
HNL.DE,9584
BRCC,9584
SFTR.ST,9585
NYKD.OL,9586
ADZ.V,9587
PX,9589
ITCI,9591
FMS.V,9593
LAB.V,9594
CUZ,9594
NEO,9606
GDNP.V,9607
AMSC,9607
MG,9612
PATH,9614
LITI.ST,9615
SFTC.TO,9615
SMD.V,9621
PLX,9621
USS.V,9622
RTX,9624
AVL.TO,9625
XMTR,9626
DLR,9628
ASPN,9630
INTEG-B.ST,9630
STRO.OL,9631
RDUS,9632
LITH.V,9632
FLO,9633
KIP.V,9637
SHLS,9637
BSET,9640
RDG.V,9641
FRX.TO,9644
5UR.DE,9646
CDR.TO,9648
MU,9649
MTB.V,9650
TOM2.AS,9656
FROG,9660
DIGIA.HE,9662
NG,9665
GEO.TO,9667
ACRI-A.ST,9667
GPX.ST,9668
ACRI-B.ST,9669
PLG,9670
MOMENT.ST,9670
EW.V,9673
SITM,9675
FRSH.V,9677
KILI.ST,9681
ANDF.OL,9682
LUM.V,9682
CDXC,9683
ACVA,9684
ILI.V,9686
EVA,9686
RNG,9690
CIO.V,9692
RLX,9695
GKOS,9699
NAM.V,9700
OUT1V.HE,9701
SSV.V,9703
AACG,9708
SOU.V,9710
BFG.ST,9710
LEV,9711
KRO,9713
RDCM,9714
AUU.V,9714
FENC,9717
WAM.V,9723
GTIM,9724
OBSE.ST,9724
ALM.ST,9725
CTRN,9726
ALM-PREF.ST,9727
TOST,9727
GFG.V,9729
BPOST.BR,9729
BNZ.V,9731
MAH.V,9734
LPC.V,9737
G24.DE,9741
TMDX,9742
INNV,9742
PPTA,9744
BST.V,9748
NOTEK.ST,9749
KDEV.ST,9754
KDK.V,9759
GDRX,9759
EAM.V,9763
MSGS,9763
ETL.V,9764
NXG.V,9765
NC,9766
PHA.V,9766
TG.V,9767
PI,9771
CSU.TO,9776
TC.TO,9783
VZLA,9784
IMPP,9790
REALFI.ST,9790
DEF.V,9791
NAR.V,9791
CHGG,9791
WMG,9791
NCAU.V,9792
SOI.V,9793
GCX.V,9793
OTEX,9795
SIBN,9797
JBLU,9799
ZUMZ,9802
KRN.TO,9802
GSHR.V,9803
ADJ.DE,9806
APPS,9806
VOLUE.OL,9808
TOL.ST,9809
STU.V,9810
OLO,9810
GHRS,9816
PFE,9816
EP,9818
NIO.V,9818
FOR.V,9819
CCM.TO,9821
MNOV,9824
ATXG,9828
KNSA,9828
BMM.V,9831
NYC,9831
ACC.OL,9836
WAVE,9838
LSL.V,9838
YGT.V,9840
BTU.V,9841
CSTE,9843
STUD.V,9843
AAOI,9846
PFE.DE,9851
ELMRA.OL,9851
SWI,9851
LAM.TO,9853
TLSI,9853
VRE,9854
GMX.TO,9857
NICO.ST,9858
SRL.V,9859
DGO.V,9859
PD,9859
WRBY,9860
SPHR,9861
ZNX.V,9863
SRV1V.HE,9863
SSKN,9864
STRR.V,9865
CPAU.V,9866
NDM.TO,9866
MTS.V,9867
XPLRA.OL,9869
UPLD,9872
GIPR,9872
ALKT,9872
TBK.V,9877
ZENV,9880
SAFE,9883
TLRY.TO,9884
SG,9888
SATO.V,9891
GTLB,9891
RPAY,9893
HEAR,9895
VRNS,9898
ADZN.V,9904
GIGA.V,9904
PNRL.V,9904
NUS,9906
WEB.V,9907
WRR.V,9911
WEAV,9913
TWKS,9913
LXS.DE,9914
WDP.BR,9915
FED.CO,9916
VTT.V,9917
CVV,9918
SMTI,9920
HLIT,9927
QTRX,9930
ABI.ST,9934
EMNT.V,9938
TSN,9939
IPI,9940
GRNQ,9940
MAE.V,9941
LGND,9945
ORT-B.ST,9948
UUU,9958
AIRI,9958
KRNT,9959
VIZ.V,9965
SAVE,9966
BEYOND.ST,9967
HLT,9971
BCU.V,9975
JAX.V,9976
LPTH,9976
MEK.V,9982
OMM.V,9984
GBML.V,9985
GIVX.TO,9986
MEDP,9987
CUBE,9988
RILY,9992
MRCY,9996
IB.V,9998
ARQ,10000
BRO.V,10001
VRNA,10002
TCX,10004
GMGI,10005
RO.ST,10006
TSQ,10007
SMRT,10008
RELY,10009
EXALT.ST,10010
OKTA,10010
CISS,10011
WEW.DE,10012
VERT.V,10013
ZUO,10014
TNDM,10017
UDR,10023
FCPT,10024
SILV.V,10027
SKIS-B.ST,10027
QTWO,10029
LEX.V,10030
ULT.V,10031
TDOC,10031
TBPH,10033
XNCR,10040
GGL.V,10045
USIO,10046
LVWR,10046
MTN,10048
RLYG.V,10050
RELE.CO,10052
APGO.V,10053
U,10053
SNOW,10054
ZENZIP-B.ST,10055
CLNN,10056
LIME.ST,10056
FCEL,10057
AEC.V,10057
ZIMV,10058
SOBI.ST,10058
CSTL,10059
STAG,10065
DVD.OL,10067
ECO-B.ST,10068
FLYN.V,10072
XERS,10073
PLBY,10074
KGS.V,10076
APLD,10076
SPRU,10077
RDFN,10077
TTG.V,10080
CFLT,10080
ELM.V,10081
HA,10085
FARO,10085
GN.CO,10085
NAK,10086
SNPX,10086
REDS.ST,10086
TLRY,10088
ATRO,10091
CNVS,10091
PHD.V,10092
TAJ.V,10093
GENI,10093
BONE.V,10099
BACTI-B.ST,10100
CPLF.TO,10106
ORGC.ST,10111
IOT,10113
ROP,10116
LLYVA,10119
LLYVK,10121
PGC.V,10122
PCOR,10122
AOUT,10123
FUSE.V,10127
AVN.V,10128
KNC.V,10129
AUGC.V,10133
KGC.V,10133
CERS,10133
MIRM,10135
IQV,10139
TCS,10142
CLNE,10142
PST.MI,10150
BEX.V,10152
WHLR,10154
BALT.OL,10157
VCT.V,10160
TNZ.TO,10166
AWX.V,10166
CLUS.V,10166
MGN.OL,10171
ROOT.TO,10174
UGE.V,10179
YEG.V,10182
COLD,10184
DMR.V,10186
VCU.V,10188
BEGR.ST,10189
CFP.TO,10190
VWE,10190
AA,10194
BYGGP.ST,10195
KS.V,10196
CVO.TO,10197
BRZE,10197
BLDS.V,10198
CGNT,10198
PRCT,10199
TRBC.V,10206
IRTC,10207
GMG.V,10207
SOLIDX.ST,10208
ELTEL.ST,10208
SPR,10210
NUG.V,10211
CTRM,10215
EVGN.V,10217
APPN,10218
COOK,10220
ACG1V.HE,10223
POCI,10234
MESA,10235
GREENM.CO,10235
EFUEL.OL,10236
PML.V,10243
ABM.V,10244
BSR.V,10251
SPI.V,10252
MKR.V,10253
IONS,10257
QZM.V,10262
SLI.V,10266
OTEX.TO,10268
UDMY,10270
JDN.V,10273
RDWR,10273
LSPD.TO,10280
AWM.V,10281
BRW.V,10281
AZPN,10285
RXST,10286
SPB.TO,10289
AMPY,10297
MILL.V,10299
WKME,10299
SQSP,10300
AUQ.V,10301
MSGE,10303
AZT.V,10304
CRGY,10307
KOSS,10308
NPCE,10310
DG.V,10311
PEXIP.OL,10313
SXI.TO,10314
HUSA,10318
EVH,10321
SMP.V,10323
SILK,10323
KRMD,10323
GXX.V,10325
MGLD,10326
EM,10327
TALK,10327
DTWO.V,10328
SPEC.ST,10329
RAKE.ST,10329
CGD.V,10331
WISE.ST,10331
ORS.V,10335
VCV.V,10340
TBLA,10340
HOFV,10343
IHS,10343
GRAT.V,10346
NXE.TO,10349
EDDY.V,10356
NCU.TO,10357
CDZI,10357
XX.V,10358
PANW,10361
UCU.V,10364
ECU.V,10365
M8G.ST,10368
BFI,10369
NCNO,10371
REMEDY.HE,10372
MODU.HE,10375
TRIBO-B.ST,10378
ANIK,10384
ICAD,10385
PEG.CO,10385
CETY,10387
AKRO,10389
BMEX.V,10392
ENERG.OL,10392
HKY.OL,10393
CTM.V,10393
AHH,10393
TOI.V,10396
CTV,10402
OSUN.OL,10406
EGP,10409
DND.TO,10409
NOHAL.OL,10411
SF.ST,10411
SES.ST,10412
RSMX.V,10412
CLIC.V,10414
SGNL.TO,10416
BSY,10418
COUR,10419
DNB,10421
SIE.V,10422
ADSK,10424
LGN.V,10426
CANX.V,10429
WML.V,10430
MMS.V,10433
COMP,10433
BMR.V,10435
JTC.V,10439
PAR,10440
RRS.V,10446
YRB.TO,10447
SAG.V,10448
ESGR-B.ST,10448
LMS.V,10449
ENRAD.ST,10450
RPD,10452
HCP,10454
PLAG,10455
SMAR,10457
GH,10460
SLI,10462
ISAB.ST,10464
DTOL.TO,10465
EQR,10467
CBI.V,10468
HAS,10471
AMH,10473
ADVE.ST,10474
SCY.TO,10475
ECC-B.ST,10478
IRON,10478
VADS.ST,10478
BE,10480
GLBE,10480
TPC.V,10481
UPXI,10485
SLR.TO,10486
ARG.TO,10490
LI.V,10490
FMN.V,10493
ZBNI.V,10496
PECO,10499
RBLN-B.CO,10507
STRS,10507
PWFL,10508
GNK,10513
KFR.V,10515
AXIS.TO,10515
RERE,10518
LSPD,10518
GAL.V,10518
SNAG.V,10522
AI,10525
BCOV,10528
TBR.V,10533
SWLF.V,10535
WM.TO,10537
VIO.V,10537
NXE,10540
FDY.TO,10544
CPIX,10545
LASR,10546
AMPL,10546
MEEC.V,10546
WA.V,10551
AUUA.V,10552
USWE.ST,10553
GDOT,10556
CAPSL.OL,10557
DOUG,10558
MSR.V,10561
RFIL,10562
IDG.TO,10572
HOLO,10573
FSLY,10576
REE.V,10578
SNDL,10579
SCWO,10579
SONO,10581
RIGL,10581
NCF.TO,10582
GXU.V,10582
PYCR,10584
COLO-B.CO,10586
UFI,10590
PUMA.V,10592
IONQ,10592
CWV.V,10595
TAO.V,10599
VM.V,10599
ABRA.V,10601
AXTI,10604
PTC,10604
NHTC,10605
ROCK.V,10608
KW,10608
SOND,10609
KTO.V,10615
ETF.V,10620
S.TO,10621
BIGC,10621
ANGO,10623
AUEN.V,10625
MRVL,10629
ACTG,10630
LG.V,10632
NFGAB.ST,10632
MAW.V,10633
PRQ.TO,10633
PRO,10633
GUG.V,10634
PROVIT.ST,10634
RMI.V,10638
GCO,10639
MODN,10642
INDI,10644
PEAK.V,10650
BRLT,10652
STH.V,10652
ASAN,10655
NUMND.OL,10655
AL.V,10661
C.V,10662
IPT.V,10663
MODV,10663
MMG.V,10664
CCB.V,10665
TSD.V,10667
MYTE,10670
DRT.TO,10670
ALDX,10673
EFFH.ST,10675
ALDE.V,10680
ROMJ.V,10683
ARR.OL,10684
CULP,10687
HYPRO.OL,10687
SNAP,10687
FAGA.ST,10687
ARCT,10688
SERT.ST,10693
NVRO,10696
DJCO,10697
RMTI,10701
MOVINN.CO,10703
GOMX.ST,10703
ZOM,10711
HMAN.V,10715
TMCI,10715
TRS.V,10721
BARK,10721
PPP.V,10722
NCP.TO,10723
CIFR,10723
PCVX,10726
KOPN,10727
1SI.DE,10728
MGG.V,10728
IVAC,10731
CENX,10733
GOFL.V,10734
TNGX,10734
NTRA,10734
AMLI,10741
RKLB,10741
SM.V,10742
MX,10745
DME.V,10750
MVST,10751
BTBT,10751
LWLG,10754
CMIL.V,10758
TGOL.V,10759
XPL,10759
ENW.V,10760
MAX.V,10761
TBRG,10761
ACOP.V,10765
JLT.ST,10765
JEC.V,10768
MDBH,10769
W,10774
ATH.TO,10777
GRWG,10778
MAU.V,10779
ONYX.V,10781
ZAC.V,10782
GDX.V,10783
URE.TO,10786
BGS,10790
RIOT,10793
ENX.PA,10793
KHG.HE,10794
PWSC,10799
ELBM.V,10802
HPUR.OL,10802
SBMI.V,10803
SASK.V,10809
TWO.V,10810
SRE.V,10812
AWI.V,10813
BRY,10813
ZNG.V,10814
TKU.V,10816
OSI.V,10816
AMBA,10818
BEA.V,10820
MET.V,10823
TRH1V.HE,10826
KES.V,10828
NANOFH.HE,10828
IDN,10829
B.V,10830
SXL.V,10831
MCHX,10833
GHML.V,10838
ATEC,10838
EMM.V,10839
GCN.V,10840
CHCT,10840
GREAT.ST,10841
IDYA,10842
WCU.V,10844
OPHR.V,10844
LONE.V,10846
APX.V,10846
ESTA,10847
IGO.V,10850
NWL,10852
YHGJ,10858
JG.V,10860
GRG.V,10862
REFR,10869
BAVA.CO,10870
MXL,10871
FLY.V,10872
ADD.V,10873
SES,10873
EDAP,10873
LGO.TO,10876
ENG,10876
VIT-B.ST,10876
TXG,10877
SLQT,10878
JOUT,10881
GPCR,10881
ACCON.ST,10886
ALPN,10888
FIL.ST,10889
WULF,10895
INIFY.OL,10897
CRB.V,10900
VML.V,10902
IPW,10907
HCAT,10908
TGO.TO,10910
GMTN.TO,10914
MQ,10916
MDIA,10916
RE.V,10919
TMET.V,10921
SIF,10923
SRG.V,10925
ETWO,10925
ABAT,10926
SWAG,10933
NAVA.OL,10933
BRAIN.ST,10934
TRIB,10937
EML.V,10939
NCRA,10939
FKM.V,10945
PVT.V,10946
MIND,10957
VCYT,10958
SABR,10962
KTN.V,10966
SRTS,10967
TCTM,10969
SRC.V,10969
FOOD.TO,10970
BIG,10973
RMCF,10973
REAL,10973
RDW,10973
PEA.TO,10974
FCUV,10974
TR.V,10978
ANOR.V,10981
NTIP,10983
OPRX,10987
FDMT,10988
QPM.V,10988
NVCR,10989
ICE.TO,10991
YTY.V,10994
COCO.V,10995
BLN.TO,10995
LVG.V,10996
ANTL.V,11000
LUCA.V,11001
NOHARM.ST,11001
VOXX,11002
EATG.ST,11004
BKM.V,11004
POWW,11007
SCYX,11009
NZ.V,11011
GMA.V,11011
NB.TO,11013
NWST.V,11018
GNLX,11019
AMC.TO,11020
PEAS.V,11027
URG,11027
NCOD.OL,11028
SALT-B.ST,11029
GROV,11033
SMWB,11039
ZEN.V,11040
VKTX,11049
ALHC,11050
AVCR.V,11050
SAO.V,11052
ACLX,11053
KCC.V,11054
LDOS,11054
BITF.TO,11056
ELBM,11061
FYL.V,11066
ANOT.ST,11066
PTON,11071
AMRQ.V,11076
TX,11083
LIQT,11084
PLT.OL,11088
EVEX,11090
CZO.V,11095
QBY.DE,11100
CVRX,11104
AMPG,11105
BZFD,11105
GNG.V,11108
SPWR,11110
FSY.TO,11111
AGAT.CO,11112
DIGN.ST,11112
ELEF.TO,11116
ORX.ST,11118
SHRP.V,11123
QNST,11124
DWS.V,11126
ARE,11128
EAGR.TO,11129
SGMT,11131
SNG.V,11135
OZ.V,11138
XXL.OL,11139
NEGG,11140
WDC,11140
LGO,11142
TML.TO,11143
CVAC,11143
RBLX,11143
NB,11144
CVW.V,11145
QST.V,11147
PACB,11148
LMR.V,11149
GOLD.TO,11156
IMPC.ST,11158
LRA.V,11161
MNRG.V,11164
DKL.V,11183
AMPX,11183
CAND.V,11184
CINT.ST,11187
AGMR.V,11190
MAPS,11190
WAVD,11190
ETG.TO,11193
BGD.V,11195
AXSM,11196
SDGR,11197
QS,11200
CDMIL.ST,11201
RBZ.V,11202
VIVK,11202
STND.V,11204
MDWD,11204
CRNX,11208
ACROUD.ST,11208
BIOPOR.CO,11209
VSD-B.ST,11215
NMRA,11217
CRBU,11220
DNMR,11220
S,11221
ALPP,11222
TELL,11223
ACAD,11225
PRYM.TO,11226
XENE,11232
SMMT,11233
NDA.V,11235
DMGI.V,11236
ULTI.OL,11236
GSD.V,11239
OCI.V,11240
HRYU,11246
SNS.V,11249
YOU.DE,11249
SGN.V,11249
NRN.V,11251
BYND,11257
ENZY.ST,11260
MRUS,11263
FTZ.V,11265
GMI.V,11265
FLEXM.ST,11265
OFIX,11266
ACU.V,11268
ITP,11270
HNST,11270
BHIL,11271
ZTEK,11271
HELI.V,11272
USGO,11275
TGX.V,11275
IMR.V,11277
GQC.V,11277
TNR.V,11279
RCEL,11281
DALN,11282
NZP.V,11286
SOZAP.ST,11286
EMN.V,11289
XRAY,11291
GPAC.V,11293
BGF.V,11293
UIS,11293
CERT,11300
VMC.V,11301
SEAPT.OL,11302
ETNB,11305
ZAZZ-B.ST,11306
AMTX,11307
APYX,11309
USA.TO,11312
ROAR.V,11313
ANIX,11314
BITF,11315
SLMN.V,11319
BIBB.ST,11319
ONE.V,11322
MFG.V,11326
CIBUS.ST,11328
NXGL,11334
PWP,11335
IMTX,11335
JANX,11341
CRNO-B.ST,11341
KNG.V,11347
SOUN,11348
ICG,11349
CLV.V,11350
VALN,11354
GEOS.OL,11355
CVV.V,11355
IMVT,11355
JOBY,11357
PRN.TO,11361
SNV.V,11367
OLMA,11369
NICA.ST,11369
WEF.TO,11374
VSTA,11374
SSYS,11377
EDM.V,11379
GSPR.V,11379
TRU,11379
CIRCHE.ST,11380
RECO.V,11381
STS.V,11383
RSKD,11384
AQP.CO,11392
VLA.PA,11395
ADY.V,11398
CNL.TO,11399
PTRK.ST,11400
ACHC,11402
DLA,11404
INTA,11404
PENN,11406
LVLU,11406
CLDI,11406
URGN,11408
RENT,11410
BGXX,11410
STW.ST,11421
BTCS,11421
YMAB,11421
CVR,11424
PZG,11427
ABCL,11427
GPV.V,11431
ACCD,11435
IRIX,11436
UEIC,11437
TWST,11443
CERE,11444
MOB.ST,11446
GLDG,11446
NVTS,11446
VOL.V,11448
BEEM,11449
AAZ.V,11452
CRSP,11454
ASL.V,11457
HIHO,11462
TDUP,11463
RDU.V,11463
DC,11464
WPRT.TO,11465
TUK.V,11468
KVHI,11469
VPH.TO,11470
BAK,11472
YORK.V,11472
BFM.V,11475
DRTS,11477
IDEX.OL,11477
CPER.V,11480
LNZA,11488
SVRA,11490
FLWS,11492
RSM.V,11492
HAR.V,11493
PALT,11500
LFST,11502
AQMS,11506
LFLY,11511
FLUX,11511
RCKT,11517
HBC.OL,11517
PWM.V,11526
DIBS,11529
INFD.V,11533
ATI.V,11536
DAVE,11536
BEEP,11537
ACHR,11537
MAI.V,11537
LUNG,11538
SPT,11539
PMX.V,11541
MCF.V,11542
HAN.V,11543
AUGX,11547
OSSD.ST,11548
SGD.V,11549
QRO.V,11551
SANW,11553
IMNM,11554
ATPC,11554
CABA,11555
GNSS,11556
ROKU,11558
ZLAB,11559
NANO.TO,11559
USAS,11561
FRNT.V,11561
MAXENT-B.ST,11564
CMD.V,11567
KSI.TO,11570
BCS.OL,11572
SEV.V,11575
VEV,11581
MSTR,11583
SLG.V,11588
GURU.TO,11591
BASE,11594
FREY,11596
COHO.V,11598
SLS.TO,11600
SFIX,11602
TMQ.TO,11605
AIR.V,11607
HYCO.ST,11607
HEVI.V,11608
AKYA,11608
ELO.TO,11617
VERA,11618
HFC.V,11619
MUX.TO,11621
TKNO,11622
WMK.V,11623
HAV-B.ST,11634
NPWR,11634
PROF,11636
SLDP,11637
KLD.V,11641
ACAST.ST,11641
VICO.ST,11641
SIVE.ST,11642
NPR.V,11643
SPGR.ST,11643
PLUG,11645
RYTM,11646
PCLO.V,11647
FIL.TO,11647
LCID,11649
PHR,11651
HLS.TO,11652
ROOF.V,11653
BMV.V,11654
SCC-B.ST,11654
TOMZ,11668
YOSH,11670
KAPA.V,11671
GEMC.V,11674
FEAM,11676
REBN,11678
HYFM,11679
MLSS,11681
NNOX,11684
UAMY,11685
ACNT,11685
TIG.V,11686
PTU.V,11687
AU.V,11692
WWR,11696
RGF,11698
ALLG,11698
CHRS,11700
ASND,11700
KEN,11704
XSPRAY.ST,11704
FURY.TO,11705
HSAI,11706
AAG.V,11707
SBB-B.ST,11707
SBB-D.ST,11709
NEXT.OL,11709
RUM,11711
LYGRD.ST,11712
THUNDR.ST,11712
CHEF.ST,11713
WPRT,11716
INTS,11716
DMRC,11717
MNX.V,11719
BLDE,11720
VIRO.CO,11725
KLDC.V,11730
BHLI.V,11730
CLPT,11730
GP,11734
BSL.DE,11736
NEXE.V,11737
PHI.ST,11737
VGZ.TO,11741
HLVX,11742
SSY,11743
PL,11743
RGD.V,11745
EOLS,11745
DNTH,11746
REAX,11746
BRC.V,11750
ARKR,11752
INSM,11755
MANTEX.ST,11762
NL.V,11765
NAUT,11767
IBRX,11769
MLGO,11776
NOU.V,11777
IMMU.ST,11779
ROK.V,11780
RCK.V,11780
HVG.V,11781
AMBO,11782
GRI.V,11784
VPLAY-A.ST,11785
UMIDA-B.ST,11786
VPLAY-B.ST,11787
BZ.V,11788
THRY,11794
OPAD,11796
ATEX,11798
RYE.V,11802
INBX,11802
DNLI,11807
FLUO.ST,11807
SLSR,11808
GEN.V,11810
PLRX,11811
OXE.ST,11813
FG.V,11817
TMQ,11817
SRQ.V,11819
FEX.V,11820
LOCL,11820
NRGV,11824
OABI,11825
TAK,11832
NOCR.V,11833
ARWR,11836
NSE.V,11839
NN,11841
IOT.V,11843
MARV.V,11847
VTYX,11848
SKIN,11849
TORA.V,11850
SPN.V,11852
IFRX,11857
PMD,11857
SSTI,11858
PRG.V,11859
NEV.V,11860
RSSS,11860
VRB.V,11862
CALTX.ST,11862
LLG.V,11865
VSAT,11867
MUX.DE,11868
MXCT,11868
RRI.V,11869
PHVS,11869
TYRA,11871
SDR.V,11872
NILI.V,11872
AIRG,11874
FURY,11881
INTR.V,11881
MUX,11884
MASS,11888
NTRB,11890
CYTK,11894
KAN.ST,11894
ACOU.ST,11895
TOI,11897
NEOLA.ST,11898
MDXH,11898
XTRA.TO,11902
PCOM-B.ST,11903
PERU.V,11904
ZETA,11904
APLS,11909
VO.V,11910
BCM.V,11911
LNSR,11917
SPMC.V,11917
OLV.V,11917
WGF.V,11918
EXFY,11919
GBRC.V,11920
RSI,11922
GAPW-B.ST,11922
CLDX,11922
BYRN,11923
WIN.V,11926
CRMD,11927
MORF,11928
BNED,11928
ACUVI.ST,11928
POLA,11932
PTGX,11934
VLD,11937
RIVN,11946
FCLI.V,11948
STRR,11949
PENG-B.ST,11949
AMMO.V,11950
POLY.ST,11951
DNA,11954
VLN,11955
OVID,11956
CFF.TO,11957
JADE.V,11960
NOSA.ST,11961
AVCN.TO,11962
TXMD,11963
NTB.V,11963
SPIR,11965
ELVN,11966
EVGO,11967
NBZ.ST,11968
VRY.V,11971
LPSN,11972
EXRO.TO,11974
TELA,11976
FLT.V,11978
TRUE,11983
GFR.TO,11983
CAM-B.ST,11983
TPIC,11986
KROS,11989
FABG.ST,11989
BRAG.TO,11990
TLS,11991
AGTIRA-B.ST,11991
VGZ,11992
LIFE.OL,11999
SLNO,12001
PLUN.ST,12002
BEAMMW-B.ST,12005
MHK,12006
GENI.V,12012
DADA,12015
ROVR.V,12015
RNAC,12015
LQDA,12015
CLIP.V,12015
KIDZ.V,12015
AXIC-A.ST,12015
NOTE,12017
BPMC,12019
NGC.V,12020
LOOP,12022
ARBK,12026
ZNTL,12028
BZUN,12030
NMG,12034
NIVI-B.ST,12037
IE.TO,12039
DRRX,12039
FL.V,12041
GGO.V,12042
LFCR,12042
ATOM,12046
BCYC,12049
WYY,12056
AWE.V,12059
CSBR,12062
GSVR.V,12063
QMCO,12063
GXS.V,12065
CIRCA.OL,12069
TM.V,12072
RKR.V,12073
RVMD,12073
ALZCUR.ST,12073
LL,12074
KEBNI-B.ST,12075
LCTX,12076
DKNG,12078
BSX.TO,12079
DYAI,12080
MOND,12084
HYMC,12088
RESP.ST,12088
FOSL,12095
UONE,12099
CHRO.ST,12100
BBIO,12100
UONEK,12101
BRFH,12101
DZSI,12104
ADPT,12105
CTLT,12105
MUSH.V,12106
GJAB.ST,12107
NTLA,12107
BLDP.TO,12114
LLAP,12117
PTE.V,12119
CLEMO.ST,12121
CPHI,12122
TMC,12123
GWM.V,12124
STXS,12127
KIRK,12142
SMRV.V,12143
HIVE.V,12144
EUP.V,12145
ROIV,12145
ARGEO.OL,12151
BAYN.DE,12154
4C.ST,12154
CYVIZ.OL,12154
DMAC,12156
GERN,12156
ILMN,12158
CPRX,12161
SCHL,12162
CANS.V,12166
CMPX,12168
NYXH,12171
AKOBO.OL,12172
APMI.V,12173
RUN,12173
AMRN,12175
DIAM.TO,12175
AUR,12176
ONEF.ST,12177
MOON.V,12178
IBO.V,12180
BRAG,12180
PRPH,12185
XPER,12187
KONSOL.CO,12189
MYGN,12191
NBM.V,12192
VERV,12193
SAVA,12195
MMM,12195
EHTH,12197
MESO,12200
GFR,12203
ORSTED.CO,12206
GEVO,12209
MVW.OL,12209
PLSR.V,12213
EVER,12215
GOTU,12223
COSM,12224
TDG.V,12224
BMRA,12227
SPGC,12231
SCPH,12233
SCLT.V,12234
CCG,12239
BEAM,12245
OSS,12246
YTRA,12247
CWD,12247
MMM.DE,12247
ODI.ST,12247
CEDER.ST,12249
SBM.V,12250
GSIT,12251
WRAP,12253
GWH,12257
NVO.TO,12258
DFLI,12258
ISO.V,12258
INZY,12260
DLC.V,12261
CMPS,12264
DAWN,12265
TLT.V,12266
CBR.V,12269
MNO.TO,12274
GHSI,12278
RMAX,12279
CI.ST,12282
ABOS,12285
SPRY,12285
ION.V,12286
NFG.V,12287
BLDP,12293
QURI.V,12295
UGD.V,12295
IPA,12296
CSTR.V,12297
SKRR.V,12298
FNM.ST,12300
MUN.V,12300
IE,12306
PENNEO.CO,12307
LAB,12308
XOMA,12308
EYPT,12312
ERA.V,12313
DMYD-B.ST,12314
DCPH,12316
PREBON.ST,12317
AGROUP.ST,12319
LEXI.V,12321
CHPT,12321
OBIO,12322
ADK.V,12323
HRB,12325
HPQ.V,12326
CLSK,12328
CNTA,12328
RXT,12330
DOMA,12334
SCNI,12350
AVDL,12350
LIT.V,12350
STLR.TO,12351
EH,12353
NRM.V,12353
MQM.V,12354
XPON,12355
BIOEX.ST,12358
IRBT,12361
REPL,12363
CRKN,12364
AURA,12364
AUMB.V,12365
FAN.V,12367
COSA.V,12367
VUZI,12369
TRVI,12374
KIND,12375
ONTF,12378
CLIR,12380
OCS,12383
PHAT,12384
ABSL-B.ST,12386
BCAN,12387
LGD.TO,12389
NCX.V,12390
DLPN,12392
DCOP.V,12395
USAU,12395
XGN,12396
SNDX,12406
247.ST,12406
MIDS.ST,12408
HIVE,12409
VAXXA.ST,12409
ZICC.ST,12411
FMST,12412
PMVP,12414
FLAT-B.ST,12420
AIP,12420
HHH.V,12421
EPRX.TO,12421
KLTR,12421
BEAT,12422
BECN.V,12423
VERO,12424
GOCO,12427
KURA,12432
SMSI,12435
WOW,12439
LIS.V,12439
WRLG.V,12440
FFP.V,12440
API,12441
VIPR.V,12443
BLFS,12448
RCUS,12451
DWSN,12451
RRL.V,12453
CDLX,12453
PIERCE.ST,12458
SANION.ST,12460
SUP,12461
CLGN,12463
SGHT,12467
NEON,12468
WEED.TO,12469
ITR.V,12474
EGT.V,12475
LABS.TO,12480
ALPCOT-B.ST,12482
TTWO,12482
KAV.ST,12488
VMS.V,12489
INUV,12491
PLSE,12493
LQWD.V,12494
MRNA,12494
BLND,12497
KVYO,12497
USEG,12501
GORO,12504
OTC.V,12505
LRMR,12507
KYMR,12507
PLCE,12512
CCLD,12514
FIND.V,12514
TWOU,12516
CDNA,12517
HI.V,12523
ZVRA,12525
PTK.V,12525
TELO.V,12528
TARS,12531
NFGC,12536
BYON,12541
0QF.DE,12542
BIRD,12546
OPK,12547
SENS,12548
MRNS,12548
REKR,12550
CBIT.V,12551
VLX.V,12551
EDT.TO,12554
CPL.V,12555
BWCG.V,12558
SKYX,12558
GLAD.V,12559
VEFAB.ST,12560
AMNO.ST,12566
QIIWI.ST,12566
SEZI.ST,12566
VRTS.TO,12566
LPL,12571
NICU.V,12573
SCKT,12574
DN.TO,12574
FRGE,12578
SFL.ST,12579
PJX.V,12583
VRDN,12584
RYR.V,12594
OESX,12596
NXTCL.ST,12597
RARE,12597
MRZ.V,12609
HAMLET-B.ST,12609
COV.V,12610
EXAI,12611
PRPL,12613
STEM,12614
ANK.V,12614
IMRX,12616
ZYUS.V,12618
ODIN.ST,12620
TGAN,12622
GOSS,12624
CLLS,12625
YES.V,12629
SPRQ.V,12630
MMAT,12636
SVA.TO,12636
BTCM,12637
NIU,12642
BKI.TO,12642
GENM.TO,12647
CTX.TO,12649
HYPR,12649
VGAS,12650
RGNX,12650
RXRX,12650
CD.V,12651
ITRG,12652
DM,12653
ASYS,12654
ATLX,12654
ADTN,12655
AVTE,12656
TORO.V,12657
CUTR,12658
HRTX,12664
CWEB.TO,12667
OTOVO.OL,12667
IPWR,12672
ABUS,12674
AKBA,12674
SEYE.ST,12674
BMEA,12675
TSK.TO,12677
STENO.CO,12684
HAV.OL,12686
PDSB,12688
AONC,12694
PEGA.V,12694
AEMC.V,12702
DCMC.V,12702
ACST,12703
FIN.V,12705
STVA-B.ST,12706
FSP,12709
ARQT,12711
EFF.V,12712
ATXS,12713
SUU.V,12714
OM,12716
SYM,12716
FHYD.V,12718
ONC.TO,12720
NXPL,12725
CRGO,12725
AGIO,12726
SWTX,12727
EPRX,12727
RAPT,12729
MYO,12731
FNCH,12733
CVKD,12733
CGC,12736
FUSN,12737
IVDA,12737
BARU.V,12739
HCWB,12740
SCIB.ST,12743
RLAY,12748
ALVO,12749
MINE.V,12750
WEX.V,12750
OMGA,12751
VRM,12751
MDGL,12753
DBVT,12754
OSIX.V,12754
SOIL.TO,12761
EFOI,12763
VG.V,12764
QLOSR-B.ST,12764
HUMA,12766
BFLY,12767
ANAB,12770
LASE,12771
ZYME,12775
HC.V,12779
DBV.PA,12780
THM.V,12781
TOURN.ST,12782
CENN,12786
GRD.V,12786
ARCA.ST,12786
PGEN,12787
SHCR,12788
BDSX,12789
WIL.V,12790
AMIDO.ST,12792
OMG.V,12792
RMD.V,12794
GUS.V,12795
INVZ,12796
TPET,12798
MVIS,12801
KRY.V,12802
LEDS,12803
FARM.V,12805
DAU.V,12806
BINV.ST,12807
BRAU.V,12809
ZENI.ST,12809
LBNK.V,12812
MAXN,12816
PRME,12816
KAVL,12822
CDP,12824
POET,12827
CFX.TO,12832
MTTR,12833
WLF.V,12834
CMBM,12835
ANRG.TO,12836
CELC,12845
ERNA,12845
LCLEAN.ST,12845
PEXA-B.ST,12846
TVTX,12851
MGRM,12852
ACIU,12854
BOF,12856
SELARM.ST,12856
WLY,12856
PREC.ST,12857
WLYB,12858
ZLTO.V,12859
IMMX,12859
ACRV,12860
INSP.ST,12860
EQTY.V,12861
MIRA,12861
HDLY.OL,12863
DTSS,12869
CTSO,12869
VSTM,12870
HEART.ST,12873
QLINEA.ST,12874
VPT.V,12882
LAZR,12884
MTEM,12888
DATA.CO,12892
YSG,12898
IGX.TO,12900
MKA.V,12906
NKG.V,12909
ARK.V,12909
MSCL.TO,12910
ALPH.ST,12910
IVS.V,12914
BATL,12915
BBROOM.ST,12917
PRB.TO,12917
EVGN,12922
VLT.V,12922
MOGO.TO,12924
MDM.V,12925
DSRT.OL,12928
FERRO.ST,12930
NSPR,12932
MGM.V,12935
SRM,12935
ARBE,12938
DIA.V,12941
OCG.V,12941
TSLV.V,12942
DBP-B.ST,12942
BH,12945
HSTR.V,12946
VRME,12946
META.ST,12950
EWTX,12951
COYA,12952
MCRB,12953
EAST,12954
LTH.V,12957
DLP.V,12960
TBIO,12961
ALLO,12963
TSVT,12965
PCIB.OL,12968
XOS,12970
IKNA,12971
PGZ.V,12975
NGEN.V,12976
TMC.V,12979
RGTI,12982
ONCY,12982
NAOV,12985
NIO,12987
SKYG.V,12998
RPTX,13002
SDIG,13003
NOAL.V,13005
QCCU.V,13008
ONEW,13009
PMN,13010
BOXL,13012
EASY-B.ST,13016
ISPO,13016
ACRS,13017
NJOB.ST,13018
BLZE,13020
EDIT,13021
BKYI,13021
FTHM,13022
PXLW,13023
VANI,13023
COMM,13027
AUTL,13030
SCOUT.ST,13030
TCRX,13031
GBIO,13031
DUOT,13037
NAIG-B.ST,13037
MOV.ST,13037
STIM,13039
AYTU,13040
MTLO.V,13040
SOPH,13043
AVAH,13048
VTGN,13049
CEC.V,13052
PLUR,13054
FINE.ST,13054
MAPS.V,13055
SPCE,13056
WKSP,13057
INMB,13058
ERAS,13060
OPTG.V,13060
CTHR,13061
ERC.V,13064
PGX.V,13065
DWNI.DE,13067
BOMILL.ST,13069
VYGR,13071
BHS.V,13078
ZVIA,13079
DV.V,13079
CTGO,13079
ALUR,13079
AIS.V,13083
ACHV,13085
SDOS.ST,13088
PEGY,13091
BHVN,13094
TOBII.ST,13094
KALV,13098
GEM.V,13101
BFRG,13104
CYB1.ST,13104
HELIO.ST,13106
IAC,13108
IGC,13109
EYEN,13114
KPTI,13118
SLNH,13119
SKE.TO,13122
RCAT,13124
MKTW,13125
CLS-B.ST,13127
NXH.V,13129
ISUN,13137
JMIA,13138
EVTV,13141
WGLD.V,13141
EAC.V,13142
CHARGE.ST,13142
CYM.V,13144
ARVN,13146
RPHM,13146
ELAN,13146
BIOF.ST,13146
XBRANE.ST,13150
CRVS,13151
ICO.ST,13151
RBOT,13152
GREE,13155
APTA.ST,13156
XPEV,13157
FING-B.ST,13159
ALLT,13160
YS,13161
MGTX,13163
FRXI.V,13163
SDOT,13164
LYTIX.OL,13164
PSTX,13165
AERO.ST,13166
BTTR,13167
NG.ST,13170
PMED.ST,13171
FULC,13172
SMG,13174
BU.TO,13175
MOGO,13177
MNLX.V,13179
JNH.V,13185
ORIC,13189
ABEO,13190
BABY.TO,13190
EGIO,13190
MODEL-B.ST,13194
IZAFE-B.ST,13195
INDEX.ST,13200
EPIS-B.ST,13201
BDTX,13208
ARD.V,13208
EVTL,13209
QYOU.V,13209
ATNM,13210
COR.V,13210
IOVA,13211
NRDY,13216
PTFY.V,13216
ENR.DE,13216
SLRN,13217
KORE.V,13217
EMR.V,13218
CMC.V,13226
PTCT,13230
KLX.V,13231
TBLL.V,13231
LICY,13240
MIST,13241
FWTC.V,13242
INVO,13243
SSE.V,13243
LYRA,13245
RVG.V,13246
CMH.ST,13250
CDA.V,13261
RVLY.V,13261
FTCI,13262
HHH,13262
DM.V,13265
LPGO.ST,13266
SGLD.TO,13280
USHA.V,13287
SUN4.ST,13292
HNSA.ST,13294
ENERS.ST,13294
VIGL,13295
SRRK,13297
MLP.V,13303
REVO.V,13308
VAXX,13309
GUARD.ST,13310
VAU.V,13313
BGBIO.OL,13315
ASTS,13315
NNVC,13316
XTM.V,13319
WNDR.TO,13319
CH.V,13319
TG,13321
CUE,13321
TERN,13324
INFM.V,13324
DICOT.ST,13326
GAN,13330
AAUC.TO,13335
LEO.V,13340
IPSC,13341
NRIX,13341
CVM,13345
ESPR,13346
SNOA,13349
CNDT,13349
FREEM.ST,13351
HOYLU.ST,13351
MAS.V,13353
OMER,13359
ENLV,13364
AVR.V,13365
SKE,13368
MUR.V,13369
IGMS,13373
HUGE,13373
THCH,13377
VRAR,13383
PYR.TO,13383
EMO.V,13384
KRKR,13386
CCMI.V,13389
TSBX,13390
MVIR.ST,13391
ENRG.V,13392
KLM.V,13392
HYZN,13393
CDXS,13393
SIMRIS-B.ST,13394
SLN,13396
AULT,13396
GTHX,13401
SR.V,13403
ABSI,13407
FEMY,13409
EKOBOT.ST,13410
OLB,13411
NVNO,13415
KING.V,13419
OUST,13424
JNVR,13424
RARE.V,13425
QBTS,13425
WITH.HE,13426
GLUE,13427
VXRT,13432
AROC.ST,13432
RVNC,13432
TKA.DE,13435
KSCP,13435
SYNACT.ST,13435
BLUE,13437
PSQH,13449
CRDL.TO,13450
DRVN,13450
SABS,13454
GVC.TO,13455
UNI.TO,13459
BNRG,13460
GLYC,13461
CBUS,13463
ATER,13467
RG.V,13474
TEA.V,13491
FAS.V,13497
JUMP.V,13505
ORTI-A.ST,13505
ORTI-B.ST,13507
BIOVIC-B.ST,13508
TRBE.V,13509
OWN.V,13513
PGE.V,13515
ACTI.ST,13517
INDV,13522
AXOLOT.ST,13523
CTXR,13523
SGO.V,13532
FWZ.V,13535
ICCM,13537
ALTE.ST,13537
KRI.V,13539
AISX.V,13543
DMTK,13547
WKHS,13548
ODD.V,13550
AMR.V,13551
SHPH,13552
FRE.V,13553
LBPH,13553
NSCI.V,13553
AWH,13553
ESE.V,13555
LCFY,13555
VMAR,13559
SMTC,13560
RUG.V,13561
GNFI.V,13562
NVFY,13570
STMP.V,13575
ASAI.ST,13575
ASST,13576
ASPI,13580
CRDL,13589
OPW.V,13590
CDB.V,13593
ADVM,13593
VRCA,13597
CMAX,13597
ARC.V,13603
PEV,13605
GRTS,13607
TNYA,13613
CALT,13614
SNAX,13614
VIVE.ST,13619
GRN.TO,13622
SOBR,13623
NSOL.OL,13626
STSS,13630
BES.V,13630
BGLC,13633
EKSO,13639
CLIME-B.ST,13642
XIM.V,13642
BIVI,13642
MKFG,13646
NVOS,13648
RSLV.V,13650
MATV,13651
AZTR,13655
EGTX.ST,13656
AGEN,13658
NBY,13661
AVTX,13664
CTEK.ST,13666
CLSD,13667
AFIB,13668
LUCY,13668
CYBE.V,13669
ECOR,13672
BBB.V,13672
IZN.V,13675
ALLT.ST,13676
IMS.ST,13677
TTNP,13678
DYN,13685
INSG,13686
ENSV,13690
FFIE,13693
YI,13693
CNET,13693
BILI,13695
USCU.V,13695
CGEN,13700
IVACC.ST,13701
HTCR,13702
SPEQT.ST,13707
IRLAB-A.ST,13713
KITT,13713
THMO,13720
PEMC.V,13722
HPCO,13726
CARM,13727
LXRX,13728
BIOL,13731
SME.V,13736
DOC.V,13740
HWO.TO,13742
XRTX.V,13742
PRAX,13744
CDTX,13744
WYLD.ST,13746
PIK,13748
TLG.TO,13748
ALLK,13755
ANY,13757
FAIR.V,13759
DRIO,13761
QUBT,13764
AHCO,13770
AZ,13778
IPD.V,13779
INEO.V,13780
ENTX,13782
FBIO,13785
BKKT,13787
FXI.ST,13787
CLM.V,13788
OCGN,13790
ME,13791
TERRNT-B.ST,13794
OPTI.ST,13795
CYBN,13796
BEDU,13799
CANTA.ST,13800
AKTS,13801
MEDIMI.ST,13803
REDW.ST,13812
DIST.ST,13812
SAGE,13814
ABLI.ST,13816
CLOV,13828
REVB,13829
TRVN,13833
EGR.V,13834
ARMP,13837
UNCY,13841
BIMI,13848
GRDM.V,13848
WGS,13849
LGVN,13852
AMST,13854
EDBL,13854
NBY.V,13856
XRTX,13857
TAIG.TO,13858
ART.V,13860
SNYB.V,13860
PESO.V,13861
CNNE,13862
ABVC,13864
NMTC,13866
SCOT.V,13868
CGTX,13870
LFST.V,13870
FMC.V,13876
ALBERT.ST,13881
BNR,13883
FRSX,13889
NTH.V,13889
ALVR,13890
ABI.V,13890
CATX,13895
LEXX,13912
ALY.V,13913
ZAPLOX.ST,13914
BETR,13916
BIG.V,13917
AIHS,13937
EDSA,13937
BAWAT.ST,13937
NRX.V,13939
EZFL,13940
TECT.V,13944
POAI,13949
FFOX.V,13952
IINN,13956
PTPI,13962
EVOK,13962
MYSZ,13964
NUMI.TO,13964
FLEXQ.ST,13966
RPX.V,13966
UBX,13969
ASLN,13969
MTNB,13970
TBX.V,13970
SCPX,13971
INAB,13971
WLLW.TO,13974
MONI.ST,13977
YCBD,13978
EURI-B.ST,13980
BNTC,13981
GANX,13981
ERIC-A.ST,13982
KALO.V,13982
ERIC-B.ST,13984
ONDS,13986
BGE.V,13987
MYNZ,13989
ADN,13990
SPC.V,13994
XPC.ST,13995
DRUG,14000
MBOT,14011
BLRX,14014
ELTX,14025
TFFP,14027
BUY.ST,14030
CAPR,14035
RANI,14036
CANF,14041
GGG.V,14043
AREB,14044
FLOW.TO,14046
NKLA,14047
MDAI,14049
MODD,14051
ROX.V,14057
GOEV,14058
AORO.V,14058
IBIO,14059
SIC.V,14059
INFI.V,14060
OGEN,14061
ACARIX.ST,14062
ERMA.ST,14063
OCX,14071
KULR,14072
NVX.V,14073
IRIS.ST,14074
ARCEDE.ST,14076
INDP,14077
PTIX,14082
VQS.TO,14083
SYTA,14088
EBS,14088
LIPO,14088
OPTT,14089
KC,14089
MGRX,14090
COMPDM.ST,14095
CTCX,14111
HANS.V,14113
SJ,14114
CAN,14116
IVP,14116
SMN.V,14120
DLTA.V,14125
HSCS,14126
REX.V,14129
UGRO,14138
XINT.ST,14141
HDW-B.ST,14142
XAIR,14143
2CUREX.ST,14143
CLVR,14146
ASXC,14146
AIMD,14151
STER.V,14153
TIVC,14160
SGBX,14160
SHOT,14167
TOON,14172
SVRS.V,14181
BBGI,14186
XELB,14186
ECOM.ST,14191
NATTA.ST,14198
VAX.V,14199
JAGX,14203
AIVC.V,14205
DPRO,14207
RNLX,14207
BIAF,14208
LSDI,14216
PYPD,14217
AKA,14220
TORQ.V,14229
NOVU.ST,14235
EGM.V,14237
HMLO.V,14240
AEGIR.ST,14242
TPST,14246
AIH,14246
RAK.V,14250
CXAI,14250
DCTH,14252
KORE,14257
PHGE,14264
PROGEN.ST,14264
EVNI.V,14269
SYRS,14273
MYMD,14275
VGD.V,14280
PRSO,14284
KNW,14293
PRTG,14299
CAM.V,14303
RVSN,14306
CRBX.ST,14309
GIFI,14311
NANEXA.ST,14312
ZIM,14313
ACE.ST,14313
BHG.ST,14313
COEP,14316
GOT.V,14317
SSNT,14318
VINO,14318
XCUR,14320
FLUI.ST,14320
PPBT,14321
MTX.V,14323
AUMN.TO,14327
GLD.V,14331
SAE.V,14335
IONM,14336
SIDU,14341
MIGI,14341
CRI.V,14347
TCRT,14350
NAAS,14351
CEQ.V,14352
RECY-B.ST,14352
ATOM.V,14353
APDN,14357
AUMN,14358
JUGR.V,14361
TANGI.ST,14368
KWE.V,14368
KA,14369
MOVE,14370
PEX.V,14372
TSHA,14372
MGOL,14379
ATORX.ST,14380
EMART.ST,14382
GDC,14383
XXII,14393
BJDX,14395
ONVO,14395
DH,14395
ATX.V,14397
ATIF,14404
LBC.V,14409
DGLY,14412
STHO,14412
OMNI.ST,14413
NCNA,14415
PRPO,14430
CART,14440
UAVS,14445
PODC,14453
VNRX,14453
NDRA,14456
IMCC,14459
OOR.V,14476
OTRK,14476
CYN,14480
GNLN,14482
NVVE,14489
KWE,14494
ALTI,14500
ATRA,14503
ABA.V,14504
NANOC-B.ST,14509
GNPX,14511
DIABIO.ST,14524
BLNK,14529
PROP,14531
BTAI,14543
GWAV,14547
BURU,14551
VERU,14551
NVAX,14555
VFS,14561
LPEN.TO,14564
CLRB,14575
NTRP,14579
CING,14585
NEOD.ST,14587
LZM,14589
ZIGN.ST,14591
BODI,14598
ERIC,14606
ERIBR.HE,14613
BEST,14617
VTVT,14621
OGI.TO,14632
SMR,14632
TRVG,14638
OGI,14645
SOPA,14647
NEUE,14651
GROM,14654
BPTH,14659
EURA.ST,14671
CRBP,14674
BCDA,14676
GYM.V,14681
NITO,14691
YTEN,14705
NUZE,14712
BNGO,14719
FLNT,14722
LQR,14728
TBLT,14731
SKYE,14731
BACK,14743
FWBI,14749
NXU,14751
SLE,14783
ASTR,14784
ASRT,14791
JHC.V,14808
MBIO,14811
CELU,14816
VS,14821
MINM,14824
BFRI,14834
NGS.ST,14838
LOT.V,14841
APTR.ST,14855
TCON,14876
WISA,14883
RTM.V,14887
